-- phpMyAdmin SQL Dump
-- version 4.7.0
-- https://www.phpmyadmin.net/
--
-- Host: 127.0.0.1
-- Generation Time: Nov 01, 2017 at 01:03 AM
-- Server version: 10.1.25-MariaDB
-- PHP Version: 7.1.7

SET SQL_MODE = "NO_AUTO_VALUE_ON_ZERO";
SET AUTOCOMMIT = 0;
START TRANSACTION;
SET time_zone = "+00:00";


/*!40101 SET @OLD_CHARACTER_SET_CLIENT=@@CHARACTER_SET_CLIENT */;
/*!40101 SET @OLD_CHARACTER_SET_RESULTS=@@CHARACTER_SET_RESULTS */;
/*!40101 SET @OLD_COLLATION_CONNECTION=@@COLLATION_CONNECTION */;
/*!40101 SET NAMES utf8mb4 */;

--
-- Database: `ncds`
--

-- --------------------------------------------------------

--
-- Table structure for table `block`
--

CREATE TABLE `block` (
  `D_NAME` varchar(150) NOT NULL,
  `B_NAME` varchar(150) NOT NULL
) ENGINE=MyISAM DEFAULT CHARSET=latin1 ROW_FORMAT=DYNAMIC;

--
-- Dumping data for table `block`
--

INSERT INTO `block` (`D_NAME`, `B_NAME`) VALUES
('ANUGUL', 'ANUGUL'),
('ANUGUL', 'ATHMALLIK'),
('ANUGUL', 'BANARPAL'),
('ANUGUL', 'CHHENDIPADA'),
('ANUGUL', 'KANIHA'),
('ANUGUL', 'KISHORENAGAR'),
('ANUGUL', 'PALALAHADA'),
('ANUGUL', 'TALACHER'),
('BALANGIR', 'AGALPUR'),
('BALANGIR', 'BALANGIR'),
('BALANGIR', 'BANGOMUNDA'),
('BALANGIR', 'BELPARA'),
('BALANGIR', 'DEOGAON'),
('BALANGIR', 'KHAPRAKHOL'),
('BALANGIR', 'LOISINGA'),
('BALANGIR', 'MURIBAHAL'),
('BALANGIR', 'PATNAGARH'),
('BALANGIR', 'PUINTALA'),
('BALANGIR', 'SAINTALA'),
('BALANGIR', 'GUDVELLA'),
('BALANGIR', 'TITLAGARH'),
('BALANGIR', 'TUREKELA'),
('BALESWAR', 'BAHANAGA'),
('BALESWAR', 'BALESWAR SADAR'),
('BALESWAR', 'BALIAPAL'),
('BALESWAR', 'BASTA'),
('BALESWAR', 'BHOGRAI'),
('BALESWAR', 'JALESWAR'),
('BALESWAR', 'KHAIRA'),
('BALESWAR', 'NILAGIRI'),
('BALESWAR', 'OUPADA'),
('BALESWAR', 'REMUNA'),
('BALESWAR', 'SIMULIA'),
('BALESWAR', 'SORO'),
('BARGARH', 'AMBABHONA'),
('BARGARH', 'ATTABIRA'),
('BARGARH', 'BARPALI'),
('BARGARH', 'BARGARH'),
('BARGARH', 'BHATLI'),
('BARGARH', 'BHEDEN'),
('BARGARH', 'BIJEPUR'),
('BARGARH', 'GAISILET'),
('BARGARH', 'JHARBANDH'),
('BARGARH', 'PAIKAMAL'),
('BARGARH', 'PADAMPUR'),
('BARGARH', 'SOHELLA'),
('BHADRAK', 'BONTH'),
('BHADRAK', 'BASUDEVPUR'),
('BHADRAK', 'BHADRAK'),
('BHADRAK', 'BHANDARIPOKHARI'),
('BHADRAK', 'CHANDABALI'),
('BHADRAK', 'DHAMANAGAR'),
('BHADRAK', 'TIHIDI'),
('BOUDH', 'BOUDH'),
('BOUDH', 'HARABHANGA'),
('BOUDH', 'KANTAMAL'),
('CUTTACK', 'ATHAGAD'),
('CUTTACK', 'BADAMBA'),
('CUTTACK', 'BANKI'),
('CUTTACK', 'BANKI-DAMPARA'),
('CUTTACK', 'BARANGA'),
('CUTTACK', 'CUTTACKSADAR'),
('CUTTACK', 'KANTAPADA'),
('CUTTACK', 'MAHANGA'),
('CUTTACK', 'NARASINGHPUR'),
('CUTTACK', 'NIALI'),
('CUTTACK', 'NISCHINTA KOIL'),
('CUTTACK', 'SALEPUR'),
('CUTTACK', 'TANGI CHOUDWAR'),
('CUTTACK', 'TIGIRIA'),
('DEBAGARH', 'BARKOTE'),
('DEBAGARH', 'REAMAL'),
('DEBAGARH', 'TILEIBANI'),
('DHENKANAL', 'BHUBAN'),
('DHENKANAL', 'DHENKANAL SADAR'),
('DHENKANAL', 'GONDIA'),
('DHENKANAL', 'HINDOL'),
('DHENKANAL', 'KAMAKHYANAGAR'),
('DHENKANAL', 'KANKADA HAD'),
('DHENKANAL', 'ODAPADA'),
('DHENKANAL', 'PARJANG'),
('GAJAPATI', 'GUMMA'),
('GAJAPATI', 'KASINAGAR'),
('GAJAPATI', 'MOHONA'),
('GAJAPATI', 'NUAGADA'),
('GAJAPATI', 'GOSANI'),
('GAJAPATI', 'R.UDAYAGIRI'),
('GAJAPATI', 'RAYAGADA'),
('GANJAM', 'ASKA'),
('GANJAM', 'BEGUNIAPADA'),
('GANJAM', 'BELLAGUNTHA'),
('GANJAM', 'BHANJANAGAR'),
('GANJAM', 'BUGUDA'),
('GANJAM', 'CHATRAPUR'),
('GANJAM', 'CHIKITI'),
('GANJAM', 'DHARAKOTE'),
('GANJAM', 'DIGAPAHANDI'),
('GANJAM', 'GANJAM'),
('GANJAM', 'HINJILICUT'),
('GANJAM', 'JAGANNATHPRASAD'),
('GANJAM', 'KABISURYANAGAR'),
('GANJAM', 'KHALLIKOTE'),
('GANJAM', 'KUKUDAKHANDI'),
('GANJAM', 'PATRAPUR'),
('GANJAM', 'POLASARA'),
('GANJAM', 'PURUSHOTTAMPUR'),
('GANJAM', 'RANGEILUNDA'),
('GANJAM', 'SANAKHEMUNDI'),
('GANJAM', 'SHERAGADA'),
('GANJAM', 'SURADA'),
('JAGATSINGHPUR', 'BALIKUDA'),
('JAGATSINGHPUR', 'BIRIDI'),
('JAGATSINGHPUR', 'ERASAMA'),
('JAGATSINGHPUR', 'JAGATSINGHPUR'),
('JAGATSINGHPUR', 'KUJANG'),
('JAGATSINGHPUR', 'NAUGAON'),
('JAGATSINGHPUR', 'RAGHUNATHPUR'),
('JAGATSINGHPUR', 'TIRTOL'),
('JAJAPUR', 'BADCHANA'),
('JAJAPUR', 'BARI'),
('JAJAPUR', 'BINJHARPUR'),
('JAJAPUR', 'DANAGADI'),
('JAJAPUR', 'DASARATHAPUR'),
('JAJAPUR', 'DAHRMASALA'),
('JAJAPUR', 'JAJAPUR'),
('JAJAPUR', 'KOREI'),
('JAJAPUR', 'RASULPUR'),
('JAJAPUR', 'SUKINDA'),
('JHARSUGUDA', 'JHARSUGUDA'),
('JHARSUGUDA', 'KIRMIRA'),
('JHARSUGUDA', 'KOLABIRA'),
('JHARSUGUDA', 'LAIKERA'),
('JHARSUGUDA', 'LAKHANPUR'),
('KALAHANDI', 'BHAWANIPATNA'),
('KALAHANDI', 'DHARAMAGARH'),
('KALAHANDI', 'GOLAMUNDA'),
('KALAHANDI', 'JAYAPATNA'),
('KALAHANDI', 'JUNAGARH'),
('KALAHANDI', 'KALAMPUR'),
('KALAHANDI', 'KARLAMUNDA'),
('KALAHANDI', 'KESINGA'),
('KALAHANDI', 'KOKASARA'),
('KALAHANDI', 'LANJIGARH'),
('KALAHANDI', 'MADANPUR RAMPUR'),
('KALAHANDI', 'NARALA'),
('KALAHANDI', 'THUAMUL RAM PUR'),
('KANDHAMAL', 'BALIGUDA'),
('KANDHAMAL', 'CHAKAPAD'),
('KANDHAMAL', 'DARINGIBADI'),
('KANDHAMAL', 'G.UDAYAGIRI'),
('KANDHAMAL', 'K.NUAGAN'),
('KANDHAMAL', 'KHAJURIPADA'),
('KANDHAMAL', 'KOTAGARH'),
('KANDHAMAL', 'PHIRINGIA'),
('KANDHAMAL', 'PHULBANI'),
('KANDHAMAL', 'RAIKIA'),
('KANDHAMAL', 'TIKABALI'),
('KANDHAMAL', 'TUMUDIBANDH'),
('KENDRAPARA', 'AUL'),
('KENDRAPARA', 'DERABISH'),
('KENDRAPARA', 'GARADAPUR'),
('KENDRAPARA', 'KENDRAPADA'),
('KENDRAPARA', 'MAHAKALAPADA'),
('KENDRAPARA', 'MARSAGHAI'),
('KENDRAPARA', 'PATTAMUNDAI'),
('KENDRAPARA', 'RAJKANIKA'),
('KENDRAPARA', 'RAJNAGAR'),
('KENDUJHAR', 'ANANDAPUR'),
('KENDUJHAR', 'BANSAPAL'),
('KENDUJHAR', 'CHAMPUA'),
('KENDUJHAR', 'GHASIPURA'),
('KENDUJHAR', 'GHATGAON'),
('KENDUJHAR', 'HARICHADANPUR'),
('KENDUJHAR', 'HATADIHI'),
('KENDUJHAR', 'JHUMPURA'),
('KENDUJHAR', 'JODA'),
('KENDUJHAR', 'KENDUJHAR SADAR'),
('KENDUJHAR', 'PATANA'),
('KENDUJHAR', 'SAHARAPADA'),
('KENDUJHAR', 'TELKOI'),
('KHORDHA', 'BALIANTA'),
('KHORDHA', 'BALIPATNA'),
('KHORDHA', 'BANAPUR'),
('KHORDHA', 'BEGUNIA'),
('KHORDHA', 'BHUBANESWAR'),
('KHORDHA', 'BOLGARH'),
('KHORDHA', 'CHILIKA'),
('KHORDHA', 'JATNI'),
('KHORDHA', 'KHORDHA'),
('KHORDHA', 'TANGI'),
('KORAPUT', 'BANDHUGAON'),
('KORAPUT', 'BOIPARIGUDA'),
('KORAPUT', 'BORIGUMMA'),
('KORAPUT', 'DASAMANTAPUR'),
('KORAPUT', 'JEYPORE'),
('KORAPUT', 'KORAPUT'),
('KORAPUT', 'KOTPAD'),
('KORAPUT', 'KUNDURA'),
('KORAPUT', 'LAXMIPUR'),
('KORAPUT', 'LAMTAPUT'),
('KORAPUT', 'NANDAPUR'),
('KORAPUT', 'NARAYAN PATANA'),
('KORAPUT', 'POTTANGI'),
('KORAPUT', 'SEMILIGUDA'),
('MALKANGIRI', 'KALIMELA'),
('MALKANGIRI', 'KHAIRAPUT'),
('MALKANGIRI', 'KORUKONDA'),
('MALKANGIRI', 'KUDUMULUGUMMA'),
('MALKANGIRI', 'MALKANGIRI'),
('MALKANGIRI', 'MATHILI'),
('MALKANGIRI', 'PODIA'),
('MAYURBHANJ', 'BAHALDA'),
('MAYURBHANJ', 'BANGRIPOSI'),
('MAYURBHANJ', 'BARIPADA'),
('MAYURBHANJ', 'BADASAHI'),
('MAYURBHANJ', 'BETNOTI'),
('MAYURBHANJ', 'BIJATALA'),
('MAYURBHANJ', 'BISOI'),
('MAYURBHANJ', 'GOPABANDHUNAGAR'),
('MAYURBHANJ', 'JAMDA'),
('MAYURBHANJ', 'JOSHIPUR'),
('MAYURBHANJ', 'KAPTIPADA'),
('MAYURBHANJ', 'KARANJIA'),
('MAYURBHANJ', 'KHUNTA'),
('MAYURBHANJ', 'KULIANA'),
('MAYURBHANJ', 'KUSUMI'),
('MAYURBHANJ', 'MORADA'),
('MAYURBHANJ', 'RAIRANGPUR'),
('MAYURBHANJ', 'RARUAN'),
('MAYURBHANJ', 'RASGOVINDPUR'),
('MAYURBHANJ', 'SARASKANA'),
('MAYURBHANJ', 'SAMAKHUNTA'),
('MAYURBHANJ', 'SUKRULI'),
('MAYURBHANJ', 'SULIAPADA'),
('MAYURBHANJ', 'THAKURMUNDA'),
('MAYURBHANJ', 'TIRING'),
('MAYURBHANJ', 'UDALA'),
('NABARANGAPUR  *', 'CHANDAHANDI'),
('NABARANGAPUR  *', 'DABUGAM'),
('NABARANGAPUR  *', 'JHARIGAM'),
('NABARANGAPUR  *', 'KOSAGUMUDA'),
('NABARANGAPUR  *', 'NABARANGAPUR'),
('NABARANGAPUR  *', 'NANDAHANDI'),
('NABARANGAPUR  *', 'PAPADAHANDI'),
('NABARANGAPUR  *', 'RAIGHAR'),
('NABARANGAPUR  *', 'TENTULIKHUNTI'),
('NABARANGAPUR  *', 'UMARKOTE'),
('NAYAGARH', 'BHAPUR'),
('NAYAGARH', 'DASAPALLA'),
('NAYAGARH', 'GANIA'),
('NAYAGARH', 'KHANDAPARA'),
('NAYAGARH', 'NAYAGARH'),
('NAYAGARH', 'NUAGAON'),
('NAYAGARH', 'ODAGAON'),
('NAYAGARH', 'RANAPUR'),
('NUAPADA', 'BODEN'),
('NUAPADA', 'KHARIAR'),
('NUAPADA', 'KOMNA'),
('NUAPADA', 'NUAPADA'),
('NUAPADA', 'SINAPALI'),
('PURI', 'ASTARANGA'),
('PURI', 'BRAHMAGIRI'),
('PURI', 'DELANGA'),
('PURI', 'GOP'),
('PURI', 'KAKAT PUR'),
('PURI', 'KANAS'),
('PURI', 'KRUSHNAPRASAD'),
('PURI', 'NIMAPADA'),
('PURI', 'PIPILI'),
('PURI', 'SADAR'),
('PURI', 'SATYABADI'),
('RAYAGADA', 'BISSAMCUTTACK'),
('RAYAGADA', 'CHANDRAPUR'),
('RAYAGADA', 'GUDARI'),
('RAYAGADA', 'GUNUPUR'),
('RAYAGADA', 'KALYANSINGPUR'),
('RAYAGADA', 'KASIPUR'),
('RAYAGADA', 'KOLNARA'),
('RAYAGADA', 'MUNIGUDA'),
('RAYAGADA', 'PADMAPUR'),
('RAYAGADA', 'RAMANAGUDA'),
('RAYAGADA', 'RAYAGADA'),
('SAMBALPUR', 'BAMRA'),
('SAMBALPUR', 'JAMANKIRA'),
('SAMBALPUR', 'JUJOMURA'),
('SAMBALPUR', 'KUCHINDA'),
('SAMBALPUR', 'MANESWAR'),
('SAMBALPUR', 'NAKTIDEUL'),
('SAMBALPUR', 'RAIRAKHOL'),
('SAMBALPUR', 'RENGALI'),
('SAMBALPUR', 'DHANKAUDA'),
('SONAPUR', 'BINIKA'),
('SONAPUR', 'BIRMAHARAJPUR'),
('SONAPUR', 'DUNGURIPALI'),
('SONAPUR', 'SONEPUR'),
('SONAPUR', 'TARBHA'),
('SONAPUR', 'ULLUNDA'),
('SUNDARGARH', 'BALISANKARA'),
('SUNDARGARH', 'BONAIGARH'),
('SUNDARGARH', 'BARGAON'),
('SUNDARGARH', 'BISRA'),
('SUNDARGARH', 'GURUNDIA'),
('SUNDARGARH', 'HEMGIR'),
('SUNDARGARH', 'KOIDA'),
('SUNDARGARH', 'KUARMUNDA'),
('SUNDARGARH', 'KUTRA'),
('SUNDARGARH', 'LAHUNIPARA'),
('SUNDARGARH', 'LATHIKATA'),
('SUNDARGARH', 'LEPHRIPARA'),
('SUNDARGARH', 'NUAGAON'),
('SUNDARGARH', 'RAJGANGPUR'),
('SUNDARGARH', 'SUBDEGA'),
('SUNDARGARH', 'SUNDARGARH'),
('SUNDARGARH', 'TANGARPALI');

-- --------------------------------------------------------

--
-- Table structure for table `district`
--

CREATE TABLE `district` (
  `Dist_ID` int(11) NOT NULL,
  `D_NAME` varchar(200) NOT NULL
) ENGINE=MyISAM DEFAULT CHARSET=latin1 ROW_FORMAT=DYNAMIC;

--
-- Dumping data for table `district`
--

INSERT INTO `district` (`Dist_ID`, `D_NAME`) VALUES
(1, 'ANUGUL'),
(2, 'BALANGIR'),
(3, 'BALESWAR'),
(4, 'BARGARH'),
(5, 'BHADRAK'),
(6, 'BOUDH'),
(7, 'CUTTACK'),
(8, 'DEBAGARH'),
(9, 'DHENKANAL'),
(10, 'GAJAPATI'),
(11, 'GANJAM'),
(12, 'JAGATSINGHPUR'),
(13, 'JAJAPUR'),
(14, 'JHARSUGUDA'),
(15, 'KALAHANDI'),
(16, 'KANDHAMAL'),
(17, 'KENDRAPARA'),
(18, 'KENDUJHAR'),
(19, 'KHORDHA'),
(20, 'KORAPUT'),
(21, 'MALKANGIRI'),
(22, 'MAYURBHANJ'),
(23, 'NABARANGAPUR  *'),
(24, 'NAYAGARH'),
(25, 'NUAPADA'),
(26, 'PURI'),
(27, 'RAYAGADA'),
(28, 'SAMBALPUR'),
(29, 'SONAPUR'),
(30, 'SUNDARGARH');

-- --------------------------------------------------------

--
-- Table structure for table `tbl_institute_type`
--

CREATE TABLE `tbl_institute_type` (
  `id` int(11) NOT NULL,
  `type` varchar(100) NOT NULL
) ENGINE=InnoDB DEFAULT CHARSET=latin1;

--
-- Dumping data for table `tbl_institute_type`
--

INSERT INTO `tbl_institute_type` (`id`, `type`) VALUES
(1, 'Standalone'),
(2, 'College'),
(3, 'University');

-- --------------------------------------------------------

--
-- Table structure for table `tbl_master_institute`
--

CREATE TABLE `tbl_master_institute` (
  `id` int(11) NOT NULL,
  `code` varchar(20) NOT NULL,
  `name` varchar(100) NOT NULL,
  `dist_id` int(11) DEFAULT NULL,
  `institute_type_id` int(11) NOT NULL
) ENGINE=InnoDB DEFAULT CHARSET=latin1;

--
-- Dumping data for table `tbl_master_institute`
--

INSERT INTO `tbl_master_institute` (`id`, `code`, `name`, `dist_id`, `institute_type_id`) VALUES
(1, ' S-15490', 'ACHARYA HARIHARA ANM TRAINING SCHOOL ', 0, 1),
(2, ' S-12808', 'ADARSHA SCHOOL OF ENGINEERING & INTERNATIONAL POLYTECHNIC, ANGUL ', 0, 1),
(3, ' S-15489', 'AGRADOOT SCHOOL OF NURSING ', 0, 1),
(4, ' S-15485', 'AISECT JUNIOR NURSING SCHOOL ', 0, 1),
(5, ' S-15553', 'ANM TRAINING CENTRE, BALASORE ', 0, 1),
(6, ' S-15552', 'ANM TRAINING CENTRE, BARIPADA ', 0, 1),
(7, ' S-15434', 'ANM TRAINING CENTRE, BERHAMPUR ', 0, 1),
(8, ' S-15438', 'ANM TRAINING CENTRE, BHAWANIPATNA ', 0, 1),
(9, ' S-15441', 'ANM  TRAINING CENTRE, BHUBANESWAR ', 0, 1),
(10, ' S-15550', 'ANM TRAINING CENTRE, BOLANGIR ', 0, 1),
(11, ' S-15625', 'ANM TRAINING CENTRE, BOUDH ', 0, 1),
(12, ' S-15591', 'ANM TRAINING CENTRE, DASPALLA ', 0, 1),
(13, ' S-15584', 'ANM TRAINING CENTRE, DHENKANAL ', 0, 1),
(14, ' S-15557', 'ANM TRAINING CENTRE, JEYPORE ', 0, 1),
(15, ' S-15564', 'ANM TRAINING CENTRE, KENDRAPARA ', 0, 1),
(16, ' S-15561', 'ANM TRAINING CENTRE, KEONJHAR ', 0, 1),
(17, ' S-15559', 'ANM TRAINING CENTRE, PHULBANI ', 0, 1),
(18, ' S-15440', 'ANM TRAINING CENTRE, PURI ', 0, 1),
(19, ' S-15541', 'ANM TRAINING CENTRE, RAYAGADA ', 0, 1),
(20, ' S-15436', 'ANM TRAINING CENTRE, SUBARNAPUR ', 0, 1),
(21, ' S-15551', 'ANM TRAINING CENTRE, SUNDERGARH ', 0, 1),
(22, ' S-2271', 'ARYAN INSTT. OF ENGG. & TECH. (POLY) SUNDERGRAM ', 0, 1),
(23, ' S-15460', 'ASHWINI SCHOOL OF NURSING ', 0, 1),
(24, ' S-266', 'ASIAN SCHOOL OF BUSINESS MANAGEMENT ', 0, 1),
(25, ' S-2272', 'ASIAN SCHOOL OF TECHNOLOGY BANTALA MUKTAPUR ', 0, 1),
(26, ' S-2274', 'AUMSAI INSTITUTE OF TECHNICAL EDUCATION BERHAMPUR ', 0, 1),
(27, ' S-15492', 'AUM SAI SCHOOL OF NURSING ', 0, 1),
(28, ' S-15494', 'BABA TATESWAR NURSING TRAINING SCHOOL ', 0, 1),
(29, ' S-2277', 'BADRI PRASAD INSTT. OF TECHNOLOGY DEBAIPALI SAMBALPUR ', 0, 1),
(30, ' S-14448', 'BAJIROUT INSTITUTE OF ENGGINEERING & TECHNOLOGY (POLY), GOBINDPUR, DHENKANAL ', 0, 1),
(31, ' S-2278', 'BALAJI INSTITTUE OF TECH. & SCIENCE KNOWLEDGE CENTRE GUNUPUR ', 0, 1),
(32, ' S-2280', 'BALASORE SCHOOL OF ENGINEERING BALASORE ', 0, 1),
(33, ' S-15495', 'BALASORE SCHOOL OF NURSING ', 0, 1),
(34, ' S-2281', 'BARAPADA SCHOOL OF ENGINEERING & TECHNOLOGY, BARAPADA ', 0, 1),
(35, ' S-2282', 'BARUNEI INSTT. OF ENGG. & TECH. (POLY) KADALIBADI ', 0, 1),
(36, ' S-15493', 'B B CHHATOI SCHOOL OF NURSING ', 0, 1),
(37, ' S-2283', 'BERHAMPUR SCHOOL OF ENGINEERING & TECHNOLOGY ', 0, 1),
(38, ' S-2285', 'BHADRAK ENGG. SCHOOL & TECH. ASURALI ', 0, 1),
(39, ' S-15497', 'BHAGABATI ANM TRAINING SCHOOL ', 0, 1),
(40, ' S-15948', 'BHAGABATI SCHOOL OF NURSING (G.N.M) ', 0, 1),
(41, ' S-2286', 'BHARAT INSTITUTE OF ENGG. & TECH. SIVRAM VIHAR BERHAMPUR ', 0, 1),
(42, ' S-4854', 'BHAVA INSTITUTE OF MEDICAL SCIENCE & RESEARCH KHORDHA ', 0, 1),
(43, ' S-14751', 'BHAVAN\'S CENTRE FOR COMMUNICATION AND MANAGEMENT, KHARVELANAGAR ', 0, 1),
(44, ' S-2287', 'BHUBANANANDA ODISHA SCHOOL OF ENGINEERING ', 0, 1),
(45, ' S-2288', 'BHUBANESWAR POLYTECHNIC JANALA BHUBANESWAR ', 0, 1),
(46, ' S-15498', 'BHUBANESWAR SCHOOL OF NURSING ', 0, 1),
(47, ' S-15499', 'BIDYUT SCHOOL OF NURSING ', 0, 1),
(48, ' S-2289', 'BIJU PATNAIK INSTITUTE OF TECHNOLOGY PHULBANI ', 0, 1),
(49, ' S-8938', 'BIJU PATNAIK NATIONAL STEEL INSTITUTE, PURI ', 0, 1),
(50, ' S-2290', 'BIJU PATTANAIK FILM & TELEVISION INSTITUTE OF ODISHA ', 0, 1),
(51, ' S-15047', 'BIRLA INSTITUTE OF MANAGEMENT TECHNOLOGY ', 0, 1),
(52, ' S-15500', 'BISWANATH INSTITUTE OF MEDICAL TECHNOLOGY ', 0, 1),
(53, ' S-2275', 'B.I.T. POLYTECHNIC BALASORE ', 0, 1),
(54, ' S-2292', 'BLACK DIAMOND SCHOOL OF ENGINEERING. BRAJRAJ NAGAR ', 0, 1),
(55, ' S-15503', 'BLUE WHEEL INSTITUTE OF NURSING SCIENCES ', 0, 1),
(56, ' S-14609', 'BPIT, PURI ', 0, 1),
(57, ' S-4856', 'CATHOLIC MISSION HOSPITAL SUNDERGARH ', 0, 1),
(58, ' S-2295', 'CENTRAL INSTITUTE OF PLASTICS ENGINEERIG & TECHNOLOGY ', 0, 1),
(59, ' S-2296', 'CENTRAL TOOL ROOM & TRAINING CENTRE ', 0, 1),
(60, ' S-15511', 'CHOUDWAR SCHOOL OF NURSING ', 0, 1),
(61, ' S-4857', 'CHRISTIAN HOSPITAL GANJAM ', 0, 1),
(62, ' S-2297', 'CITY INSTITUTE OF TECHNICAL EDUCATION KUANR MUNDA ROURKELA ', 0, 1),
(63, ' S-15517', 'CREATIVE JUNIOR NURSING SCHOOL ', 0, 1),
(64, ' S-2294', 'C.V. RAMAN POLYTECHNIC BHUBANESWAR ', 0, 1),
(65, ' S-2298', 'DHABALESWAR INSTITUE OF POLYTECHNIC ATHAGARH ', 0, 1),
(66, ' S-2299', 'DHANESHWAR RATH INSTITUTE OF ENGINERING & MANAGEMENT STUDIES TANGI ', 0, 1),
(67, ' S-15540', 'DHANESWAR SCHOOL OF NURSING ', 0, 1),
(68, ' S-15544', 'DIBYAJYOTI SCHOOL OF NURSING ', 0, 1),
(69, ' S-15542', 'DIBYA SCHOOL OF NURSING ', 0, 1),
(70, ' S-15539', 'DISTRICT G N M TRAINING CENTER, DISTRICT HEAD QUARTER HOSPITAL ', 0, 1),
(71, ' S-7386', 'DISTRICT INSTITUTE OF EDUCATION & TRAINING AGARPARA, BHADRAK ', 0, 1),
(72, ' S-7366', 'DISTRICT INSTITUTE OF EDUCATION & TRAINING, BALANGIR ', 0, 1),
(73, ' S-7390', 'DISTRICT INSTITUTE OF EDUCATION & TRAINING, BARAGARH ', 0, 1),
(74, ' S-7368', 'DISTRICT INSTITUTE OF EDUCATION & TRAINING BHAWANIPATNA, KALAHANDI ', 0, 1),
(75, ' S-7399', 'DISTRICT INSTITUTE OF EDUCATION & TRAINING CHHENDIPADA, ANGUL ', 0, 1),
(76, ' S-7369', 'DISTRICT INSTITUTE OF EDUCATION & TRAINING, DHENKANAL ', 0, 1),
(77, ' S-7370', 'DISTRICT INSTITUTE OF EDUCATION & TRAINING DOLIPUR, JAJPUR ', 0, 1),
(78, ' S-7405', 'DISTRICT INSTITUTE OF EDUCATION & TRAINING, JAGATSINGHPUR ', 0, 1),
(79, ' S-7376', 'DISTRICT INSTITUTE OF EDUCATION & TRAINING JEYPORE, KORAPUT ', 0, 1),
(80, ' S-7373', 'DISTRICT INSTITUTE OF EDUCATION & TRAINING, KEONJHAR ', 0, 1),
(81, ' S-7371', 'DISTRICT INSTITUTE OF EDUCATION & TRAINING KHALLIKOTE, GANJAM ', 0, 1),
(82, ' S-7375', 'DISTRICT INSTITUTE OF EDUCATION & TRAINING, KHURDA ', 0, 1),
(83, ' S-7377', 'DISTRICT INSTITUTE OF EDUCATION & TRAINING MAYURBHANJA, BARIPADA ', 0, 1),
(84, ' S-7417', 'DISTRICT INSTITUTE OF EDUCATION & TRAINING NARSHINGHPUR, CUTTACK ', 0, 1),
(85, ' S-7419', 'DISTRICT INSTITUTE OF EDUCATION & TRAINING, NAWARANGPUR ', 0, 1),
(86, ' S-7402', 'DISTRICT INSTITUTE OF EDUCATION & TRAINING PARLAKHEMUNDI, GAJAPATI ', 0, 1),
(87, ' S-7379', 'DISTRICT INSTITUTE OF EDUCATION & TRAINING PHULBANI, TIKABALI ', 0, 1),
(88, ' S-7425', 'DISTRICT INSTITUTE OF EDUCATION & TRAINING, PURI ', 0, 1),
(89, ' S-7427', 'DISTRICT INSTITUTE OF EDUCATION & TRAINING RAJSUNAKHALA, NAYAGARH ', 0, 1),
(90, ' S-7428', 'DISTRICT INSTITUTE OF EDUCATION & TRAINING  RAYAGADA, BISSAM CUTTACK ', 0, 1),
(91, ' S-7367', 'DISTRICT INSTITUTE OF EDUCATION & TRAINING REMUNA, BALASORE ', 0, 1),
(92, ' S-7380', 'DISTRICT INSTITUTE OF EDUCATION & TRAINING, SAMBALPUR ', 0, 1),
(93, ' S-7381', 'DISTRICT INSTITUTE OF EDUCATION & TRAINING SANKARA, SUNDARGARH ', 0, 1),
(94, ' S-7397', 'DISTRICT RESOURCE CENTRE, BOUDH ', 0, 1),
(95, ' S-7415', 'DISTRICT RESOURCE CENTRE CHITRAKONDA, MALKANAGIRI ', 0, 1),
(96, ' S-12696', 'DISTRICT RESOURCE CENTRE, DEOGARH ', 0, 1),
(97, ' S-7418', 'DISTRICT RESOURCE CENTRE, NUAPADA ', 0, 1),
(98, ' S-7421', 'DISTRICT RESOURCE CENTRE PANCHAPADA, JHARSUGUDA ', 0, 1),
(99, ' S-7431', 'DISTRICT RESOURCE CENTRE, SONEPUR ', 0, 1),
(100, ' S-2300', 'DIVINE INSTITUTE OF ENGG. TECH. PODA ASTIA BARIPADA ', 0, 1),
(101, ' S-15547', 'DIVINE SCHOOL OF NURSING ', 0, 1),
(102, ' S-15548', 'DOX ORLAND SCHOOL OF NURSING ', 0, 1),
(103, ' S-15549', 'DR AMBEDKAR INSTITUTE OF MEDICAL SCIENCE ', 0, 1),
(104, ' S-273', 'DRIEMS BUSINESS SCHOOL ', 0, 1),
(105, ' S-15520', 'D R I E M S SCHOOL OF NURSING ', 0, 1),
(106, ' S-15659', 'ESSEN SCHOOL OF NURSING ', 0, 1),
(107, ' S-15554', 'FLORENCE NIGHTINGALE ANM (FEMALE HEALTH WORKER) TRAINING SCHOOL ', 0, 1),
(108, ' S-15668', 'GAJAPATI SCHOOL OF NURSING ', 0, 1),
(109, ' S-2302', 'GANAPATI INSTITUTE OF ENGINEERING & TECHNOLOGY POLYTECHNIC JAGATPUR ', 0, 1),
(110, ' S-2303', 'GANDHI POLYTECHNIC GOLANTHARA KONISI BERHAMPUR ', 0, 1),
(111, ' S-2304', 'GANDHI SCHOOL OF ENGINEERING PURUSOTTAMPUR BEHRAMPUR ', 0, 1),
(112, ' S-2305', 'GANESH INSTITUTE OF ENGG. & TECH. ANDHARUA BHUVANESWAR ', 0, 1),
(113, ' S-15571', 'GENERAL NURSING AND MIDWIFERY TRAINING SCHOOL ', 0, 1),
(114, ' S-15562', 'GITANJALI SCHOOL OF NURSING ', 0, 1),
(115, ' S-4859', 'GITANJALI SCHOOL OF NURSING KHORDHA ', 0, 1),
(116, ' S-15566', 'GOLAP DEVI SCHOOL OF NURSING ', 0, 1),
(117, ' S-4860', 'GOPINATH GNM TRAINING COLLEGE NUAPADA ', 0, 1),
(118, ' S-14437', 'GOVERNMENT POLYTECHNIC, AGNIPUR ', 0, 1),
(119, ' S-14610', 'GOVERNMENT POLYTECHNIC, ANGUL ', 0, 1),
(120, ' S-14439', 'GOVERNMENT POLYTECHNIC, BADAJHINKI ', 0, 1),
(121, ' S-14570', 'GOVERNMENT POLYTECHNIC, BARGRAH ', 0, 1),
(122, ' S-14434', 'GOVERNMENT POLYTECHNIC, BATAGUDA ', 0, 1),
(123, ' S-12803', 'GOVERNMENT POLYTECHNIC, BERHAMPUR ', 0, 1),
(124, ' S-14433', 'GOVERNMENT POLYTECHNIC, BIDYADHARPUR ', 0, 1),
(125, ' S-14611', 'GOVERNMENT POLYTECHNIC, BOUDH ', 0, 1),
(126, ' S-12802', 'GOVERNMENT POLYTECHNIC CHANDRASEKHARPUR, BHUBANESWAR ', 0, 1),
(127, ' S-14436', 'GOVERNMENT POLYTECHNIC, CHATRA CHAKADA ', 0, 1),
(128, ' S-12804', 'GOVERNMENT POLYTECHNIC, DHENKANAL ', 0, 1),
(129, ' S-14539', 'GOVERNMENT POLYTECHNIC, JAJPUR, RAGADI ', 0, 1),
(130, ' S-14612', 'GOVERNMENT POLYTECHNIC, KALAHANDI ', 0, 1),
(131, ' S-14613', 'GOVERNMENT POLYTECHNIC, KORAPUT ', 0, 1),
(132, ' S-14432', 'GOVERNMENT POLYTECHNIC, LARKIPALI ', 0, 1),
(133, ' S-15386', 'GOVERNMENT POLYTECHNIC, MALKANGIRI ', 0, 1),
(134, ' S-15387', 'GOVERNMENT POLYTECHNIC,MAYURBHANJ ', 0, 1),
(135, ' S-14614', 'GOVERNMENT POLYTECHNIC, NAYAGARH ', 0, 1),
(136, ' S-14615', 'GOVERNMENT POLYTECHNIC, NUAPADA ', 0, 1),
(137, ' S-14438', 'GOVERNMENT POLYTECHNIC, RENGALI ', 0, 1),
(138, ' S-14435', 'GOVERNMENT POLYTECHNIC, SAHINKI ', 0, 1),
(139, ' S-12688', 'GOVERNMENT SECONDARY TRAINING SCHOOL, CHIKITI ', 0, 1),
(140, ' S-12694', 'GOVERNMENT SECONDARY TRAINING SCHOOL, DHARMAGARH ', 0, 1),
(141, ' S-12685', 'GOVERNMENT SECONDARY TRAINING SCHOOL, FAKIRPUR ', 0, 1),
(142, ' S-12692', 'GOVERNMENT SECONDARY TRAINING SCHOOL, GUNUPUR ', 0, 1),
(143, ' S-12686', 'GOVERNMENT SECONDARY TRAINING SCHOOL, KUANRMUNDA ', 0, 1),
(144, ' S-7413', 'GOVERNMENT SECONDARY TRAINING SCHOOL KUSHALDA, MAYURBHANJ ', 0, 1),
(145, ' S-12678', 'GOVERNMENT SECONDARY TRAINING SCHOOL RAGADI, BANKI ', 0, 1),
(146, ' S-12683', 'GOVERNMENT SECONDARY TRAINING SCHOOL, TANGI ', 0, 1),
(147, ' S-7389', 'GOVERNMENT SECONDARY TRAINING SCHOOL TUDIGADIA, BALASORE ', 0, 1),
(148, ' S-12693', 'GOVERNMENT SECONDARY TRAINING SCHOOL, UMERKOTE ', 0, 1),
(149, ' S-15744', 'GOVT. ELEMENTARY TEACHER EDUCATION INSTITUTE ', 0, 1),
(150, ' S-15143', 'GOVT ELEMENTARY TEACHER EDUCATION INSTITUTION BALLIGUDA ', 0, 1),
(151, ' S-7387', 'GOVT. SECONDARY TRAINING SCHOOL ATHAGARH CUTTACK ', 0, 1),
(152, ' S-7388', 'GOVT. SECONDARY TRAINING SCHOOL BAGUDI BALASORE ', 0, 1),
(153, ' S-7392', 'GOVT. SECONDARY TRAINING SCHOOL BARIPADA MAYURBHANJ ', 0, 1),
(154, ' S-7393', 'GOVT. SECONDARY TRAINING SCHOOL BHAGABATPUR KENDRAPARA ', 0, 1),
(155, ' S-7395', 'GOVT. SECONDARY TRAINING SCHOOL BHANJANAGAR GANJAM ', 0, 1),
(156, ' S-7396', 'GOVT. SECONDARY TRAINING SCHOOL BOLANGIR ', 0, 1),
(157, ' S-7400', 'GOVT. SECONDARY TRAINING SCHOOL CUTTACK ', 0, 1),
(158, ' S-7401', 'GOVT. SECONDARY TRAINING SCHOOL FOR WOMEN BERHAMPUR GANJAM ', 0, 1),
(159, ' S-7404', 'GOVT. SECONDARY TRAINING SCHOOL GORUMAHISANI MAYURBHANJ ', 0, 1),
(160, ' S-7407', 'GOVT. SECONDARY TRAINING SCHOOL KENDRAPARA ', 0, 1),
(161, ' S-7410', 'GOVT. SECONDARY TRAINING SCHOOL KISHORENAGAR ANGUL ', 0, 1),
(162, ' S-7412', 'GOVT. SECONDARY TRAINING SCHOOL KUNDUKELA SUNDERGARH ', 0, 1),
(163, ' S-7414', 'GOVT. SECONDARY TRAINING SCHOOL LANGALESWAR BALASORE ', 0, 1),
(164, ' S-7420', 'GOVT. SECONDARY TRAINING SCHOOL NIMAPARA PURI ', 0, 1),
(165, ' S-7422', 'GOVT. SECONDARY TRAINING SCHOOL PATNAGARH BALANGIR ', 0, 1),
(166, ' S-7423', 'GOVT. SECONDARY TRAINING SCHOOL PIPLI PURI ', 0, 1),
(167, ' S-7424', 'GOVT. SECONDARY TRAINING SCHOOL POLSARA GANJAM ', 0, 1),
(168, ' S-7429', 'GOVT. SECONDARY TRAINING SCHOOL REMULI KEONJHAR ', 0, 1),
(169, ' S-7430', 'GOVT. SECONDARY TRAINING SCHOOL SAKHIGOPAL PURI ', 0, 1),
(170, ' S-7433', 'GOVT. SECONDARY TRAINING SCHOOL TITLAGARH BALANGIR ', 0, 1),
(171, ' S-7385', 'GOVT. SECONDARY TRAINING SCHOOL (WOMEN) BHUBANESWAR KHURDA ', 0, 1),
(172, ' S-2319', 'GURUKRUPA TECHNICAL SCHOOL NARSINGHPUR ', 0, 1),
(173, ' S-2320', 'GURUKULA ENGG. SCHOOL CHATABAR BHUBANESWAR ', 0, 1),
(174, ' S-15570', 'GYANA PATTNAYAK SCHOOL OF NURSING ', 0, 1),
(175, ' S-274', 'HDF SCHOOL OF MANAGEMENT ', 0, 1),
(176, ' S-2321', 'HI-TECH INSTITUTE OF ENGG. & MANAGEMENT RANITAL ', 0, 1),
(177, ' S-2322', 'HI-TECH INSTITUTE OF INFORMATION & TECHNOLOGY UMERI JEYPORE ', 0, 1),
(178, ' S-4861', 'HITECH SCHOOL OF NURSING KHORDHA ', 0, 1),
(179, ' S-2323', 'HOLY INSTITUTE OF TECHNOLOGY GOVINDAPUR ', 0, 1),
(180, ' S-2324', 'IDEAL SCHOOL OF ENGINEERING JHINKHARADA KHURDA ', 0, 1),
(181, ' S-15573', 'IIMT SCHOOL OF NURSING ', 0, 1),
(182, ' S-2327', 'INDUS SCHOOL OF ENGINEERING BARAKUDA ', 0, 1),
(183, ' S-2328', 'INSTITUTE OF ENGINEERING & MANAGEMENT JEYPORE ', 0, 1),
(184, ' S-2329', 'INSTITUTE OF TEXTILE TECHNOLOGY ', 0, 1),
(185, ' S-15575', 'JANAKALYAN SCHOOL OF NURSING ', 0, 1),
(186, ' S-15588', 'JANAKI DEVI  JUNIOR AND SENIER NURSING SCHOOL ', 0, 1),
(187, ' S-15589', 'JASODA DEVI SCHOOL OF NURSING ', 0, 1),
(188, ' S-15590', 'JET ANM TRAINING CENTRE ', 0, 1),
(189, ' S-2331', 'JEYPORE SCHOOL OF ENGINEERING & TECHNOLOGY RONDAPALI JEYPORE ', 0, 1),
(190, ' S-2332', 'JHADESWAR INSTITUTE OF ENGG. & TECH. CHHANPUR BALASORE ', 0, 1),
(191, ' S-2333', 'JHARSUGUDA ENGINEERING SCHOOL ', 0, 1),
(192, ' S-4862', 'JHARSUGUDA GNM TRAINING COLLEGE JHARSUGUDA ', 0, 1),
(193, ' S-2334', 'KALAHANDI SCHOOL OF ENGINEERING & TECHNOLOGY BHAWANIPATHA ', 0, 1),
(194, ' S-2335', 'KALAM INSTITUTE OF TECHNOLOGY BERHAMPUR ', 0, 1),
(195, ' S-4863', 'KALINGA INSTITUTE OF INDUSTRIAL TECHNOLOGY KHORDHA ', 0, 1),
(196, ' S-2338', 'KALINGA NAGAR PLOYTECHNIC TARAPUR ', 0, 1),
(197, ' S-15592', 'KALINGA NURSING SCHOOL ', 0, 1),
(198, ' S-2339', 'KALINGA POLYTECHNIC BHUBNESWAR ', 0, 1),
(199, ' S-2336', 'KALING INSTITUTE OF MINING & TECHNOLOGY CHHENDIPADA ', 0, 1),
(200, ' S-2337', 'KALING INSTT. OF ENGG. & TECH. FC PROJECT JAJPUR ', 0, 1),
(201, ' S-15593', 'KASTURABA GANDHI ANM/HW (F) TRAINING SCHOOL ', 0, 1),
(202, ' S-2340', 'KEONJHAR SCHOOL OF ENGINEERING KEONJHAR ', 0, 1),
(203, ' S-15594', 'KHURDA SCHOOL OF NURSING ', 0, 1),
(204, ' S-15597', 'KORAPUT GNM TRAINING COLLEGE ', 0, 1),
(205, ' S-15595', 'KOSHALA ANM TRAINING SCHOOL ', 0, 1),
(206, ' S-2341', 'KOUSTAV SCHOOL OF ENGINEERING PATIA BHUBANESWAR ', 0, 1),
(207, ' S-2342', 'KRUPAJAL ENGIENERING SCHOOL BHUBANESWAR ', 0, 1),
(208, ' S-15596', 'KUNTALA DEVI SCHOOL OF NURSING ', 0, 1),
(209, ' S-4866', 'KUNTALA DEVI SCHOOL OF NURSING NAYAGARH ', 0, 1),
(210, ' S-15435', 'MAA ANNAPURNA SCHOOL OF NURSING ', 0, 1),
(211, ' S-15598', 'MAA BAUTI ANM TRAINING SCHOOL ', 0, 1),
(212, ' S-15599', 'MAA TARA TARINI SCHOOL OF NURSING ', 0, 1),
(213, ' S-2343', 'MAHALAXMI INSTITUTE OF TECHNOLOGY & ENGINEERING ', 0, 1),
(214, ' S-2344', 'MAHAMAYA INSTITUTE OF MEDICAL & TECH. SCIENCE NUAPADA ', 0, 1),
(215, ' S-2345', 'MAHARAJA POLYTECHNIC TARABOI (BEHIND BARUNEI HILL) BHUVANESWAR ', 0, 1),
(216, ' S-15600', 'MAHARANI PREMKUMARI NURSING TRAINING SCHOOL ', 0, 1),
(217, ' S-15385', 'MAHAVIR ENGINEERING COLLEGE ', 0, 1),
(218, ' S-4869', 'MAHIMA SCHOOL OF NURSING JAGATSINGHPUR ', 0, 1),
(219, ' S-15427', 'MAMATA DEVI SCHOOL OF NURSING ', 0, 1),
(220, ' S-4870', 'MANJARI DEVI SCHOOL OF NURSING KHURDAH ', 0, 1),
(221, ' S-2346', 'MAYURBHANJ SCHOOL OF ENGINEERING BARIPADA ', 0, 1),
(222, ' S-15516', 'MAYURBHANJ SCHOOL OF NURSING ', 0, 1),
(223, ' S-2347', 'MITS INSTITUTE OF POLYTECHNIC RAYAGADA ', 0, 1),
(224, ' S-12809', 'MITS SCHOOL OF ENGINEERING, BHUBANESWAR ', 0, 1),
(225, ' S-4868', 'M K C G MEDICAL COLLEGE HOSPITAL. GANJAM ', 0, 1),
(226, ' S-15429', 'MMCHT ANM TRAINING CENTRE ', 0, 1),
(227, ' S-15432', 'MOTHERS NURSING SCHOOL ', 0, 1),
(228, ' S-15431', 'MOTHER TERESA HEALTH WORKER (FEMALE) TRAINING CENTRE ', 0, 1),
(229, ' S-15430', 'MOTHER TERESA SCHOOL OF NURSING ', 0, 1),
(230, ' S-15433', 'MUKTI ANM TRAINING CENTRE ', 0, 1),
(231, ' S-15437', 'NABAPRAVAT SCHOOL OF NURSING ', 0, 1),
(232, ' S-2348', 'NALANDA INSTITUTE OF TECHNOLOGY CHANDAKA BHUBANESWAR ', 0, 1),
(233, ' S-2349', 'NARAYANI INSTT. OF ENGG. & TECH. BANARPAL ', 0, 1),
(234, ' S-4871', 'NARAYANI SCHOOL OF NURSING JAGATSINGHPUR ', 0, 1),
(235, ' S-4873', 'NEELACHAL INSTITUTE OF NURSING SCHOOL ', 0, 1),
(236, ' S-15446', 'NETAJI ANM TRAINING CENTRE ', 0, 1),
(237, ' S-2351', 'NILACHAL POLYTECHNIC BHUBANESHWAR ', 0, 1),
(238, ' S-14449', 'NILASAILA INSTITUTE OF SCIENCE AND TECHNOLOGY, SERGARH, BALASORE ', 0, 1),
(239, ' S-14765', 'NORTH ODISHA SCHOOL OF ENGINEERING, MAYURBHANJ ', 0, 1),
(240, ' S-4874', 'NURSES TRAINING INSTITUTE SUNDERGARH ', 0, 1),
(241, ' S-2353', 'ODISHA INSTITUTE OF ENGINEERING & TECHNOLOGY DHENKANAL ', 0, 1),
(242, ' S-15384', 'ODISHA POLYTECHNIC ', 0, 1),
(243, ' S-2354', 'ODISHA SCHOOL OF ENGINEERING (POLY) BERHAMPUR ', 0, 1),
(244, ' S-2355', 'ODISHA SCHOOL OF MINING ENGINEERING ', 0, 1),
(245, ' S-15450', 'ORISSA NURSING TRAINING INSTITUTE ', 0, 1),
(246, ' S-14450', 'OXFORD SCHOOL OF POLYTECHNIC DIPLOMA, BALIANTA ', 0, 1),
(247, ' S-2356', 'PABITRA MOHAN INSTITUTE OF TECHNOLOGY TALCHER ', 0, 1),
(248, ' S-12810', 'PADMASHREE KRUTARTHA ACHARYA INSTITUTE OF ENGINEERING & TECHNOLOGY, BERGARH ', 0, 1),
(249, ' S-4875', 'PALLICHANDAN SCHOOL OF NURSING PURI ', 0, 1),
(250, ' S-7437', 'PAN SCHOOL OF EDUCATION, BANKOI ', 0, 1),
(251, ' S-2357', 'PATHANI SAMANTA INSTITUTE OF ENGG. & TECHNOLOGY ', 0, 1),
(252, ' S-4876', 'PATHANI SAMANTA NURSING CENTRE NAYAGARH ', 0, 1),
(253, ' S-15661', 'PIONEER ANM TRAINING SCHOOL ', 0, 1),
(254, ' S-2358', 'PNS SCHOOL OF ENGG. & TECH. MARSHAGHAI ', 0, 1),
(255, ' S-4877', 'PRATIVA DEVI SCHOOL OF NURSING KHURDA ', 0, 1),
(256, ' S-15662', 'PREMIER SCHOOL OF NURSING (ANM AND GNM) ', 0, 1),
(257, ' S-4878', 'PRINKYA DEVI SCHOOL OF NURSING PURI ', 0, 1),
(258, ' S-2360', 'PURI ENGINEERING SCHOOL (POLY) BALIGUALI ', 0, 1),
(259, ' S-15229', 'PURI SARASWATI SCHOOL OF NURSING ', 0, 1),
(260, ' S-15673', 'PURI SCHOOL OF NURSING ', 0, 1),
(261, ' S-2359', 'PURNA CHANDRA INSTITUTE OF ENGINEERING & TECHNOLOGY, CHHENDIPADA ', 0, 1),
(262, ' S-2361', 'PURUSOTTAM SCHOOL OF ENGG. & TECHNOLOGY MANDIAKUDUR ROURKELA ', 0, 1),
(263, ' S-2363', 'RAJA KISHORE CHANDRA ACADEMY OF TECHNOLOGY(POLYTECHNIC) ', 0, 1),
(264, ' S-15663', 'RAJDHANI SCHOOL OF NURSING ', 0, 1),
(265, ' S-4879', 'RAMADEVI SCHOOL OF NURSING KENDRAPARA ', 0, 1),
(266, ' S-15656', 'RAMAN SCHOOL OF NURSING ', 0, 1),
(267, ' S-2364', 'RAMARANI INSTITUTE OF TECHNOLOGY BALASORE ', 0, 1),
(268, ' S-2362', 'R.K. INSTITUTE OF ENGINEERING & TECHNOLOGY ', 0, 1),
(269, ' S-12681', 'RN SECONDARY TRAINING SCHOOL, CUTTACK ', 0, 1),
(270, ' S-15680', 'ROURKELA INSTITUTE OF NURSING ', 0, 1),
(271, ' S-2365', 'ROURKELA INSTITUTE OF TECHNOLOGY KALINGA ROURKELA ', 0, 1),
(272, ' S-15627', 'ROYAL SCHOOL OF NURSING ', 0, 1),
(273, ' S-15629', 'SABARMATI SCHOOL OF  NURSING ', 0, 1),
(274, ' S-15652', 'SABITRIDEVI SCHOOL OF NURSING ', 0, 1),
(275, ' S-15678', 'SAHAYOGA INSTITUTE OF GNM TRAINING COLLEGE ', 0, 1),
(276, ' S-2367', 'SAI INSTITUTE OF TECHNOLOGICAL SCIENCE ', 0, 1),
(277, ' S-15675', 'SAILABALA SCHOOL OF NURSING ', 0, 1),
(278, ' S-15628', 'SALANDI SCHOOL OF NURSING ', 0, 1),
(279, ' S-2368', 'SAMANTA CHANDRASEKHAR INSTITUTE OF TECHNOLOGY AND MANAGEMENT ', 0, 1),
(280, ' S-2370', 'SANJAY MEMORIAL INSTITUTE OF TECHNOLOGY(DIPLOMA) ', 0, 1),
(281, ' S-15669', 'SANJOG SCHOOL OF NURSING ', 0, 1),
(282, ' S-15622', 'SANKAR RUKMANI SCHOOL OF NURSING ', 0, 1),
(283, ' S-4880', 'SARADA DEVI INSTITUTE OF MEDICAL SCIENCE SAMBALPUR ', 0, 1),
(284, ' S-15630', 'SARALA INSTITUTE OF  NURSING ', 0, 1),
(285, ' S-15674', 'SASMITA SCHOOL OF NURSING ', 0, 1),
(286, ' S-15676', 'SASWATI SCHOOL OF NURSING ', 0, 1),
(287, ' S-15720', 'SATYANARAYAN ANM TRAINING SCHOOL ', 0, 1),
(288, ' S-14447', 'SATYA SAI SCHOOL OF ENGGINEERING DIPLOMA, BALASORE ', 0, 1),
(289, ' S-15459', 'SCHOOL OF NURSING (ANM) , PLOT NO  N-5/157, NAYAPALLI, DIST - KHURDA , BHUBANESWAR, ODISHA 751015 ', 0, 1),
(290, ' S-15505', 'SCHOOL OF NURSING, DISTRICT HEAD QUARTER HOSPITAL ', 0, 1),
(291, ' S-15732', 'SCHOOL OF NURSING, GNM, DHH - KANDHAMAL ', 0, 1),
(292, ' S-4882', 'SCHOOL OF NURSING & HEALTH SCIENCES GANJAM ', 0, 1),
(293, ' S-15463', 'SCHOOL OF NURSING, N P M INSTITUTE OF MEDICAL SCIENCE AND RESEARCH , IN FRONT OF DIST. H Q HOSPITAL,', 0, 1),
(294, ' S-4883', 'SCHOOL OF NURSING RAYAGADA ', 0, 1),
(295, ' S-4884', 'SEVA SCHOOL OF NURSING ANGUL ', 0, 1),
(296, ' S-15670', 'SHAIKH SCHOOL OF  NURSING,  ODISHA ', 0, 1),
(297, ' S-15651', 'SHAKTIRUPA SCHOOL OF NURSING , ODISHA ', 0, 1),
(298, ' S-2374', 'SIDDHARTHA INSTITUTE OF ENGG. & TECH. (POLY) EKTAGUDA ', 0, 1),
(299, ' S-15664', 'S I E M S SCHOOL OF NURSING ', 0, 1),
(300, ' S-15623', 'SITE - A SCHOOL OF NURSING ', 0, 1),
(301, ' S-2375', 'SKDAV POLYTECHNIC FOR WOMEN ROURKELA ', 0, 1),
(302, ' S-15462', 'SMT.SUSILA DEVI INSTITUTE OF NURSING EDUCATION, RAYAGADA ', 0, 1),
(303, ' S-15908', 'SRADHA INSTITUTION OF HEALTH SCIENCE ', 0, 1),
(304, ' S-15653', 'SRADHA SCHOOL OF NURSING , ODISHA ', 0, 1),
(305, ' S-15666', 'SREE VIDYA NIKETAN COLLEGE OF MEDICAL SCIENCE AND RESEARCH ', 0, 1),
(306, ' S-4886', 'SRI JAGANNATH GNM TRAINING SCHOOL PURI ', 0, 1),
(307, ' S-15677', 'SRIMAA SCHOOL OF NURSING,PURI, ODISHA ', 0, 1),
(308, ' S-2376', 'SRI POLYTECHNIC KOMOND ODAGOAN ', 0, 1),
(309, ' S-15624', 'SRI RAM SCHOOL OF NURSING , AT / PO - SOHELA , DIST-BARGARH ', 0, 1),
(310, ' S-15667', 'SRI SRI BARODA SCHOOL OF NURSING , ODISHA ', 0, 1),
(311, ' S-2366', 'S.S.B. REGIONAL INSTT. SC. & TECH. (POLY) CHIRADA ', 0, 1),
(312, ' S-4887', 'ST THOMAS SCHOOL OF NURSING BALASORE ', 0, 1),
(313, ' S-2377', 'SUDHANANDANA RESIDENTIAL POLYTECHNIC NECHHIPUR ', 0, 1),
(314, ' S-4888', 'SUM NURSING SCHOOL KHURDA ', 0, 1),
(315, ' S-15681', 'SUNDARGARH GNM TRAINING COLLEGE,SUDARGARH, ODISHA ', 0, 1),
(316, ' S-2378', 'SUNDERGARH ENGINEERING SCHOOL KIREI ', 0, 1),
(317, ' S-15657', 'SURYA SCHOOL OF  NURSING,ODISHA ', 0, 1),
(318, ' S-2379', 'SUSHREE INSTITUTE OF TECHNICAL EDUCATION ', 0, 1),
(319, ' S-4889', 'SUSHREE INSTITUTE OF TECHNICAL EDUCATION BALANGIR ', 0, 1),
(320, ' S-4890', 'SUSILA DEVI BATAKRISHNA NURSING SCHOOL NUAPADA ', 0, 1),
(321, ' S-2380', 'SWAMI VIVEKANANDA SCHOOL OF ENGINEERING & TECHNOLOGY BHUVANESWAR ', 0, 1),
(322, ' S-15719', 'SWARNALATA SCHOOL OF NURSING STUDIES, BAHADULAPATNA ', 0, 1),
(323, ' S-15560', 'TARINI SCHOOL OF NURSING ', 0, 1),
(324, ' S-4891', 'TULASI G N M TRAINING CENTRE KENDRAPARA ', 0, 1),
(325, ' S-12805', 'UMA CHARAN PATNAIK ENGINEERING SCHOOL, BERHAMPUR ', 0, 1),
(326, ' S-8939', 'UTKAL AEROSPACE AND ENGINEERING BHUBANESWAR ', 0, 1),
(327, ' S-12806', 'UTKAL GOURAB MADHUSUDAN INSTITUTE OF TECHNOLOGY, RAYAGADA ', 0, 1),
(328, ' S-12811', 'UTKAL INSTITUTE OF ENGINEERING & TECHNOLOGY, KHURDA ', 0, 1),
(329, ' S-12807', 'UTKALMANI GOPABANDHU INSTITUTE OF ENGINEERING, ROURKELA ', 0, 1),
(330, ' S-2382', 'VENUS GROUP OF EDUCATIONAL & RESEARCH INSTITUTE ', 0, 1),
(331, ' S-15456', 'VIIT SCHOOL OF NURSING, AT/PO-DHANMANDAL, CHANDIKHOL, DIST-JAJPUR-754024, ODISHA ', 0, 1),
(332, ' S-14451', 'VIKASH POLYTECHNIC, BARGARH ', 0, 1),
(333, ' S-15455', 'VINAYAKA SCHOOL OF NURSING, 222/1 SASTRINAGAR, UNIT-IV, KHURDA, BHUBANESWAR, ODISHA-751001 ', 0, 1),
(334, ' S-15453', 'VISION ANM (FEMALE HEALTH WORKER) TRAINING CENTRE , AT/PO-KORAPUT, DIST-KORAPUT ', 0, 1),
(335, ' S-15448', 'VIVEKANANDA CHARITABLE TRUST ANM TRAINING CENTRE, AT/PO -JUNAGARD, PRAGATI NAGAR , ', 0, 1),
(336, ' S-4893', 'VIVEKANANDA INSTITUTE OF SOCIAL WORK & SOCIAL SCIENCE KHURDA ', 0, 1),
(337, ' S-4892', 'V S S MEDICAL COLLEGE HOSPITAL SAMBALPUR ', 0, 1),
(338, ' S-15445', 'XAVIER SCHOOL OF NURSING , AT/PO MUKUNDA PRASAD (MUKUNDA BHAWAN) ', 0, 1),
(339, ' S-15442', 'ZENESYS JUNIOR NURSING SCHOOL, AT-PRAGYAN VIHAR ', 0, 1),
(340, ' S-2383', 'ZENITH INSTITUTE OF SCIENCE & TECHNOLOGY ', 0, 1),
(341, 'C-30058', 'ADARSHA COLLEGE OF ENGINEERING, (ACE), ANGUL', 0, 2),
(342, 'C-39832', 'ANCHALIK DEGREE COLLEGE,TALMAL,ANGUL', 0, 2),
(343, 'C-39748', 'ANUGUL MAHILA MAHAVIDYALA,ANGUL (W)', 0, 2),
(344, 'C-40817', 'ATHAMALLIK COLLEGE,ATHMALLIK', 0, 2),
(345, 'C-39693', 'BANTALA COLLEGE OF HIGHER EDUCATION,BANTAL,ANGUL', 0, 2),
(346, 'C-39660', 'BAPHGEECOLLEGE,CHENDIPADA,ANGUL', 0, 2),
(347, 'C-52682', 'DIBYA COLLEGE OF NURSING', 0, 2),
(348, 'C-39634', 'GOVT. AUTONOMUS COLLEGE, ANGUL,', 0, 2),
(349, 'C-23109', 'INDIAN INSTITUTE OF YOGIC SCIENCE AND RESEARCH', 0, 2),
(350, 'C-44081', 'JADUNATH SANSKRIT COLLEGE', 0, 2),
(351, 'C-40919', 'JANATA COLLEGE,BOINDA', 0, 2),
(352, 'C-40889', 'KISHORENAGAR COLLEGE', 0, 2),
(353, 'C-39788', 'KANIHA COLLEGE, KANIHA, ANGUL', 0, 2),
(354, 'C-39849', 'MALAGIRI MAHAVIDYALAYA,PALLAHARA,ANGUL', 0, 2),
(355, 'C-39641', 'N.K. CHOUDHURY COLLEGE OF TEACHER\'S EDUCATION, ANGUL', 0, 2),
(356, 'C-39722', 'NILAKANTHESWAR MAHAVIDYALAYA,SOUTH BALANDA, ANGUL', 0, 2),
(357, 'C-39756', 'P.S.S.J.COLLEGE, BANARPAL,ANGUL', 0, 2),
(358, 'C-39678', 'PABITRANAGER +3 MAHAVIDYALAYA,PORBIL, ANGUL.L', 0, 2),
(359, 'C-39802', 'PATITAPABAN MAHAVIDYALAYA,JARAPARA,ANGUL', 0, 2),
(360, 'C-39801', 'RANESWAR INSTITUTE OF MANAGEMENT & INFORMATION TECHNOLOGY, ANGUL', 0, 2),
(361, 'C-40933', 'SOLAPADA +3 DEGREE MAHAVIDYALAYA', 0, 2),
(362, 'C-39514', 'TALCHER COLLEGE, TALCHER,ANGUL', 0, 2),
(363, 'C-40913', '+3 WOMEN\'S COLLEGE,KANTABANJI', 0, 2),
(364, 'C-40872', 'AGALPUR SCIENCE COLLEGE', 0, 2),
(365, 'C-40829', 'ANCHALIK MAHAVIDYALAYA,KUSANG', 0, 2),
(366, 'C-40991', 'BALANGIR LAW COLLEGE,TIKRAPADA', 0, 2),
(367, 'C-50923', 'CENTURION SCHOOL OF BASIC SCIENCE', 0, 2),
(368, 'C-43406', 'COLLEGE OF TEACHER EDUCATION', 0, 2),
(369, 'C-40864', 'D.A..V.COLLEGE,TITLAGARH', 0, 2),
(370, 'C-40811', 'GOVT. AYURVEDIC COLLEGE', 0, 2),
(371, 'C-40942', 'GOVT. WOMEN\'S COLLEGE', 0, 2),
(372, 'C-40874', 'JAGANNATH COLLEGE', 0, 2),
(373, 'C-40986', 'JAWAHARLAL COLLEGE,PATNAGARH', 0, 2),
(374, 'C-40937', 'JYOTI VIKASH COLLEGE', 0, 2),
(375, 'C-40893', 'LOISINGHA COLLEGE,LOISINGHA', 0, 2),
(376, 'C-52231', 'NICE COLLEGE OF + 3 COMMERCE, BOLANGIR', 0, 2),
(377, 'C-40917', 'P.S.COLLEGE,BELPADA', 0, 2),
(378, 'C-40871', 'P.S.COLLEGE,SAINTALA', 0, 2),
(379, 'C-40880', 'P.S.DEGREE COLLEGE', 0, 2),
(380, 'C-40934', 'PATNESWARI WOMEN\'S COLLEGE', 0, 2),
(381, 'C-40998', 'RAJENDRA COLLEGE', 0, 2),
(382, 'C-50678', 'STATE INSTITUTE OF HOTEL MANAGEMENT', 0, 2),
(383, 'C-23091', 'YUVODAYA COLLEGE OF ADVANCE TECHNOLOGY', 0, 2),
(384, 'C-21376', 'ACADEMY OF BUSINESS ADMINISTRATION', 0, 2),
(385, 'C-30139', 'ACADEMY OF BUSINESS ADMINISTRATION, (ABA), BALASORE', 0, 2),
(386, 'C-21340', 'BALANGI MAHAVIDYALAYA', 0, 2),
(387, 'C-23118', 'BALASORE COLLEGE OF ART AND CRAFTS', 0, 2),
(388, 'C-30162', 'BALASORE COLLEGE OF ENGINEERING AND TECHNOLOGY, (BCET), BALASORE', 0, 2),
(389, 'C-21334', 'BALASORE LAW COLLEGE', 0, 2),
(390, 'C-21347', 'BALASORE MAHILA COLLEGE', 0, 2),
(391, 'C-21400', 'BALIAPAL COLLEGE OF PHY, EDN', 0, 2),
(392, 'C-21397', 'BALIKHAND +3 COLLEGE', 0, 2),
(393, 'C-21339', 'BELAVOOMI MAHAVIDYALAYA', 0, 2),
(394, 'C-21399', 'BERHAMPUR COLLEGE', 0, 2),
(395, 'C-44065', 'BHAGABAN CHANDRA SANSKRIT COLLEGE', 0, 2),
(396, 'C-21342', 'COLLEGE OF TEACHER EDUCATION', 0, 2),
(397, 'C-21355', 'D.K. COLLEGE', 0, 2),
(398, 'C-21338', 'DR. J.N. COLLEGE', 0, 2),
(399, 'C-21374', 'F.M. COLLEGE', 0, 2),
(400, 'C-21353', 'GOPALPUR COLLEGE,', 0, 2),
(401, 'C-21363', 'H.K. MAHATAB COLLEGE,', 0, 2),
(402, 'C-21341', 'JAMBESWAR MAHAVIDYALAYA', 0, 2),
(403, 'C-21372', 'K.K.S. WOMEN\'S COLLEGE', 0, 2),
(404, 'C-21386', 'KAMARDA MAHAVIDYALAYA', 0, 2),
(405, 'C-21395', 'KHAIRA COLLEGE,', 0, 2),
(406, 'C-50744', 'KHETRA MOHAN COLLEGE', 0, 2),
(407, 'C-21359', 'L.N. COLLEGE', 0, 2),
(408, 'C-21375', 'MICROSOLUTION COMPUTER ACADEMY', 0, 2),
(409, 'C-30089', 'MODERN ENGINEERING AND MANAGEMENT STUDIES (MEMS), BALASORE', 0, 2),
(410, 'C-21380', 'NILGIRI COLLEGE', 0, 2),
(411, 'C-21345', 'NILGIRI WOMEN COLLEGE', 0, 2),
(412, 'C-21364', 'OUPADA COLLEGE', 0, 2),
(413, 'C-44090', 'PATHADURGA SANSKRIT COLLEGE', 0, 2),
(414, 'C-21373', 'R.I.H.S. BHOGRAI', 0, 2),
(415, 'C-21357', 'R.J.S.M.S.', 0, 2),
(416, 'C-21348', 'REMUNA DEGREE COLLEGE', 0, 2),
(417, 'C-30103', 'RJ SCHOOL OF MGMT. STUDIES (RJSMS), BALASORE', 0, 2),
(418, 'C-21352', 'SARASWATA MAHAVIDYALAYA,', 0, 2),
(419, 'C-30161', 'SATYASAI ENGINEERING COLLEGE (SEC), BALASORE', 0, 2),
(420, 'C-50745', 'SHARPMIND COLLEGE', 0, 2),
(421, 'C-21354', 'SIDDHESWAR COLLEGE', 0, 2),
(422, 'C-21344', 'SIMULIA COLLEGE', 0, 2),
(423, 'C-21351', 'SORO WOMENS COLLEGE', 0, 2),
(424, 'C-30133', 'SRINIX COLLEGE OF ENGINEERING (SCE), BALASORE', 0, 2),
(425, 'C-44061', 'SUKADEI SANSKRIT COLLEGE', 0, 2),
(426, 'C-48869', 'SWAMI VIVEKANANDA COLLEGE OF MANAGEMENT', 0, 2),
(427, 'C-21349', 'U.N. COLLEGE', 0, 2),
(428, 'C-30077', 'VIJAYANJALI INSTITUTE OF TECHNOLOGY (VIT), BALASORE', 0, 2),
(429, 'C-40820', 'A.K.COLLEGE,BHEDEN', 0, 2),
(430, 'C-40898', 'ANCHAL COLLEGE,PADAMPUR', 0, 2),
(431, 'C-51852', 'ANCHALIK DEGREE COLLEGE, PAHARSRIGIDA', 0, 2),
(432, 'C-40870', 'ATTABIRA COLLEGE,ATTABIRA', 0, 2),
(433, 'C-40971', 'BARGARH LAW COLLEGE,BARGARH', 0, 2),
(434, 'C-40847', 'BARPALI COLLEGE,BARPALI', 0, 2),
(435, 'C-40906', 'BIJEPUR COLLEGE,BIJEPUR', 0, 2),
(436, 'C-40823', 'D.B.COLLEGE,BHATLI', 0, 2),
(437, 'C-40896', 'GHESS COLLEGE,GHESS', 0, 2),
(438, 'C-40999', 'IMPERIAL COLLEGE', 0, 2),
(439, 'C-51847', 'JAMLA DEGREE COLLEGE', 0, 2),
(440, 'C-40973', 'KATAPALI +3 DEGREE COLLEGE,BARPALI', 0, 2),
(441, 'C-40909', 'KATAPALI COLLEGE,KATAPALI', 0, 2),
(442, 'C-40972', 'LARAMBHA COLLEGE', 0, 2),
(443, 'C-40962', 'M.G.DEGREE COLLEGE', 0, 2),
(444, 'C-40938', 'MANDOSIL COLLEGE,MANDOSIL', 0, 2),
(445, 'C-30160', 'PADMASHREE KRUTARTHA ACHARYA COLLEGE OF ENGINEERING (PKACE), BARGARH', 0, 2),
(446, 'C-40994', 'PALLISHREE COLLEGE', 0, 2),
(447, 'C-40948', 'PANCHAYAT COLLEGE', 0, 2),
(448, 'C-40982', 'REMUNDA COLLEGE', 0, 2),
(449, 'C-40892', 'SOHELA COLLEGE', 0, 2),
(450, 'C-40911', 'T.F.COLLEGE', 0, 2),
(451, 'C-30141', 'THE PHARMACEUTICAL COLLEGE (TPC), BARAPALI', 0, 2),
(452, 'C-40924', 'TORA DEGREE COLLEGE', 0, 2),
(453, 'C-50832', 'VIKASH DEGREE COLLEGE', 0, 2),
(454, 'C-40950', 'WOMEN\'S COLLEGE, PADAMPUR', 0, 2),
(455, 'C-40975', 'WOMEN\'S COLLEGE,BARGARH', 0, 2),
(456, 'C-40855', 'WOMEN\'S DEGREE COLLEGE,KAMGAON', 0, 2),
(457, 'C-40910', 'BOUDH PANCHAYAT COLLEGE', 0, 2),
(458, 'C-40929', 'MAA MAHESWARI COLLEGE', 0, 2),
(459, 'C-21350', 'A.B. COLLEGE', 0, 2),
(460, 'C-21401', 'AGARAPADA COLLEGE', 0, 2),
(461, 'C-40968', 'P.S.COLLEGE,KANTAMAL', 0, 2),
(462, 'C-21365', 'B.N.M.A. COLLEGE', 0, 2),
(463, 'C-21385', 'BANT ACHALIKA COLLEGE', 0, 2),
(464, 'C-21387', 'BARAPUR COLLEGE', 0, 2),
(465, 'C-21378', 'BHADRAK (AUTO.) COLLEGE', 0, 2),
(466, 'C-30169', 'BHADRAK INSTITUTE OF ENGINEERING AND TECHNOLOGY, (BIET), BHADRAK', 0, 2),
(467, 'C-21396', 'BHADRAK WOMENS COLLEGE', 0, 2),
(468, 'C-21390', 'CHANDABALI COLLEGE', 0, 2),
(469, 'C-21336', 'CHARAMPA MAHAVIDYALAYA', 0, 2),
(470, 'C-21332', 'DHYAMNAGAR COLLEGE', 0, 2),
(471, 'C-21333', 'I.G.M. COLLEGE', 0, 2),
(472, 'C-48870', 'ICSS SCHOOL OF IT AND MANAGEMENT', 0, 2),
(473, 'C-21389', 'MANDARI COLLEGE', 0, 2),
(474, 'C-21370', 'MOTTO +3 DEGREE COLLEGE', 0, 2),
(475, 'C-21398', 'NAAMI COLLEGE', 0, 2),
(476, 'C-53435', 'ROYAL SCIENCE COLLEGE', 0, 2),
(477, 'C-21371', 'SALANDI MAHAVIDYALAYA', 0, 2),
(478, 'C-21379', 'TIHIDI DEGREE COLLEGE', 0, 2),
(479, 'C-21343', 'TRUPTI WOMENS COLLEGE', 0, 2),
(480, 'C-48871', 'UNIPOWER SCHOOL OF IT AND MANAGEMENT', 0, 2),
(481, 'C-53574', 'VINAYAK DEGREE COLLEGE', 0, 2),
(482, 'C-30078', 'AJAY BINAY INSTITUTE OF TECHNOLOGY PILOO MODI COLLEGE OF ARCHITECTURE (ABIT-PMCA), CUTTACK', 0, 2),
(483, 'C-30181', 'AJAY BINAY INSTITUTE OF TECHNOLOGY, (ABIT), CUTTACK', 0, 2),
(484, 'C-39638', 'ANSUPA DEGREE COLLEGE, SARANDA, CUTTACK', 0, 2),
(485, 'C-39815', 'BAHUGRAM DEGREE COLLEGE, BAHUGRAM, CUTTACK', 0, 2),
(486, 'C-39513', 'BANKI AUTONOMOUS COLLEGE,BANKI, CUTTACK.', 0, 2),
(487, 'C-30061', 'BARABATI INSTITUTE OF MANAGEMENT STUDIES, (BIMS), CUTTACK', 0, 2),
(488, 'C-39642', 'CHOUDHAR COLLEGE, CHOUDWAR, CUTTACK', 0, 2),
(489, 'C-39830', 'CHRIST COLLEGE, CUTTACK', 0, 2),
(490, 'C-39661', 'COLLEGE OF NURSING, PLOT NO. 201, RANIHAT, CUTTACK', 0, 2),
(491, 'C-39609', 'COMPUTER APPLICATION CENTRE, LINK ROAD, ARUNODAYA MARKET, CUTTACK', 0, 2),
(492, 'C-39734', 'CUTTACK COLLEGE, NAYABAZAR, CUTTACK', 0, 2),
(493, 'C-39640', 'CUTTACK HOMEOPATHIC MEDICAL COLLEGE', 0, 2),
(494, 'C-39612', 'D.G.B.K. MAHAVISYALAYA,KASARDA, CUTTACK.', 0, 2),
(495, 'C-39607', 'D.K.N.COLLEGE,BRANCH,CUTTACK', 0, 2),
(496, 'C-30124', 'DADHICHI COLLEGE OF PHARMACY (DCP), CUTTACK', 0, 2),
(497, 'C-30059', 'DHANESWAR RATH INSTITUTE OF ENGINEERING & MANAGEMENT STUDIES, CUTTACK', 0, 2),
(498, 'C-54274', 'DRIEMS SCHOOL AND COLLEGE OF NURSING', 0, 2),
(499, 'C-39779', 'DRIEMS SCHOOL OF PROFESSIONAL STUDIES, KHAIRAPARI, TANGI, KOTSAHI, CUTTACK', 0, 2),
(500, 'C-30074', 'EASTERN ACADEMY OF SCIENCE AND TECHNOLOGY (EAST), PHULNAKHARA', 0, 2),
(501, 'C-39587', 'EMARTI DEVI WOMEN???S COLLEGE,NAYASARK,CTC.', 0, 2),
(502, 'C-39617', 'GOPABANDHU SC.COLLEGE,ATHAGARH,CUTTACK', 0, 2),
(503, 'C-39829', 'GOVINDAPURCOLLEGE, SAILO,GOVINDAPUR,CTC.', 0, 2),
(504, 'C-39663', 'INDIRA GANDHI WOMENS COLLEGE, SELTER CHHAKA,CUTTACK.', 0, 2),
(505, 'C-30099', 'INSTITUTE OF MANAGEMENT & INFORMATION TECHNOLOGY, CUTTACK', 0, 2),
(506, 'C-30040', 'INSTITUTE OF PHARMACY AND TECHNOLOGY (IPT), SALIPUR', 0, 2),
(507, 'C-30122', 'INSTITUTE OF PROFESSIONAL STUDIES AND RESEARCH (IPSAR), CUTTACK', 0, 2),
(508, 'C-39778', 'IPSAR, IPSAR HOUSE, SECTOR- 6 CDA, CUTTACK-14', 0, 2),
(509, 'C-39644', 'J.K.B.K.COLLEGE, OMP SQUARE, CUTTACK', 0, 2),
(510, 'C-39807', 'J.N.COLLEGE,KUANPAL, CUTTACK', 0, 2),
(511, 'C-30120', 'JAGANNATH INSTITUTE OF ENGINEERING AND TECHNOLOGY (JIET), CUTTACK', 0, 2),
(512, 'C-39836', 'KANDARPUR COLLEGE, KANDARPUR,CUTTACK', 0, 2),
(513, 'C-39720', 'KANPUR ANCHALIK MAHAVIDYALAYA,KANPUR,CUTTACK', 0, 2),
(514, 'C-39593', 'KISHORE NAGAR COLLEGE,KISHORE NAGAR,CUTTACK', 0, 2),
(515, 'C-30130', 'KUSHAGRA INSTITUTE OF INFORMATION AND MANAGEMENT.SCIENCES (KIIMS), BHUBANESWAR', 0, 2),
(516, 'C-39686', 'L.N.SAHU MAHAVIDYALAYA,,JAGATPUR,CUTTACK', 0, 2),
(517, 'C-39782', 'M.S. LAW COLLEGE', 0, 2),
(518, 'C-39848', 'M.S.COLLEGE,BARAMBA, CUTTACK', 0, 2),
(519, 'C-39544', 'MAHANADI VIHAR WOMEN\'S COLLEGE, ,MAHANADIVIHAR, CUTTACK', 0, 2),
(520, 'C-39708', 'MAHANGA WOMEN???S COLLEGE,(W)PALLISAHI, MAHANGA,CUTTACK', 0, 2),
(521, 'C-39805', 'N.S.M.CITYCOLLEGE, RAJABAGICHA, CUTTACK', 0, 2),
(522, 'C-39590', 'NARASHINGAPUR COLLEGE, NARASHINGAPUR,CUTTACK', 0, 2),
(523, 'C-39522', 'NIALI COLLEGE,NIALI,CUTTACK', 0, 2),
(524, 'C-39564', 'P.P.COLLEGE, NICHINTAKOILI,CUTTACK', 0, 2),
(525, 'C-39629', 'P.P.MAHAVIDYALAYA,TIGIRIA,CUTTACK', 0, 2),
(526, 'C-39649', 'PRASANNAMANI COLLEGE OF PHYSICAL EDUCATION & YOGA, TIGIRIA, CUTTAK', 0, 2),
(527, 'C-39689', 'RADHANATH INSTITUTE OF ADVANCED STUDIES, CUTTACK', 0, 2),
(528, 'C-39765', 'RAGHUNATH JEW COLLEGE, DEULIISAHI,CUTTACK', 0, 2),
(529, 'C-39809', 'S.B.WOMEN???S COLLEGE,CUTTACK (W)', 0, 2),
(530, 'C-39664', 'S.C.B. MEDICAL COLLEGE, CUTTACK', 0, 2),
(531, 'C-39539', 'S.M.MAHAVIDYALAYA,ASUESWAR,CUTTACK', 0, 2),
(532, 'C-39620', 'S.S.D.COLLEGE OF SCIENCE & TECHNOLOGY, BALI, CUTTACK', 0, 2),
(533, 'C-39674', 'SALIPUR COLLEGE,SALIPPUR,CUTTACK', 0, 2),
(534, 'C-39676', 'SCB DENTAL COLLEGE & HOSPITAL, CUTTACK', 0, 2),
(535, 'C-39659', 'STAWART SC.COLLEGE,CUTTACK', 0, 2),
(536, 'C-39658', 'SUDARSHAN MAHAVIIDYALA,BAIALISH MAUZA,CUTTACK', 0, 2),
(537, 'C-30035', 'SUDHANANDA ENGINEERNG AND RESEARCH CENTRE (SERC), BHUBANESWAR', 0, 2),
(538, 'C-30143', 'SUDHANANDA SCHOOL OF MANAGEMENT AND COMPUTER SCIENCE (SSMCS), BHUBANESWAR', 0, 2),
(539, 'C-39621', 'SVNIRTAR, OLATPUR, BAIROI, CUTTACK', 0, 2),
(540, 'C-39655', 'THE LAW COLLEGE, CUTTACK', 0, 2),
(541, 'C-39713', 'U.N.COLLEGE OF SCIENCE &TECHNOLOGY,ADASAPUR,CUTTACK', 0, 2),
(542, 'C-23115', 'XAVIER COLLEGE OF HOTEL MANAGEMENT', 0, 2),
(543, 'C-40887', 'DEOGARH COLLEGE', 0, 2),
(544, 'C-40985', 'REAMAL COLLEGE', 0, 2),
(545, 'C-39749', 'BAJI ROUL MEMORIAL COLLEGE, BHUBAN,DHENKANAL', 0, 2),
(546, 'C-39816', 'BHUBAN +3 WOMENS COLLEGE,BHUBAN,DHENKANAL', 0, 2),
(547, 'C-39572', 'DEBENDRA SATAPATHY MEMORIAL COLLEGE, BHAPUR, DHENKANAL', 0, 2),
(548, 'C-39767', 'DHENKANAL AUTONOMOUS COLLEGE, DHENKANAL', 0, 2),
(549, 'C-39654', 'DHENKANAL EVENING COLLEGE,DHENKANAL', 0, 2),
(550, 'C-39560', 'DHENKANAL LAW COLLEGE, STATION BAZAR, DHENKANAL', 0, 2),
(551, 'C-39775', 'DHENKANAL MAHILA MAHAVIDYALAYA(W), DHENKANAL', 0, 2),
(552, 'C-39508', 'HINDOL COLLEGE,KHAGURIKOTA, DHENKANAL', 0, 2),
(553, 'C-30127', 'INDIRA GANDHI INSTITUTE OF TECHNOLOGY (IGIT), SARANG', 0, 2),
(554, 'C-39716', 'JANATA COLLEGE,SATMAILE,DHENKANAL', 0, 2),
(555, 'C-39844', 'JIRAL COLLEGE,JIRAL,DHENKANAL', 0, 2),
(556, 'C-39738', 'KAMAKSHYANAGAR COLLEGE,KAMAKSHYANAGAR,DHENKANAL', 0, 2),
(557, 'C-39619', 'MATHAKARAGOLA COLLEGE,MATHAKARAGOLA,DKL', 0, 2),
(558, 'C-39653', 'OPS MAHAVIDYALAYA, HINDOL ROAD,DHENKANAL', 0, 2),
(559, 'C-39752', 'PARIMAL COLLEGE, PANDUA,DHENKANAL', 0, 2),
(560, 'C-39773', 'PINGUA DEGREE COLLEGE, PINGUA,DHENKANAL.', 0, 2),
(561, 'C-30060', 'SYNERGY INSTITUTE OF ENGINEERING AND TECHNOLOGY (SIET), DHENKANAL', 0, 2),
(562, 'C-39353', 'GAJAPATI COLLEGE OF NURSING, PARLAKHEMUDNDI', 0, 2),
(563, 'C-39323', 'HILLTOP COLLEGE, MOHANA', 0, 2),
(564, 'C-39350', 'SKCG (AUTONOMOUS) COLLEGE, PARLAKHEMUNDI', 0, 2),
(565, 'C-39390', 'SRI RAM COLLEGE, KASHINAGAR', 0, 2),
(566, 'C-39394', 'WOMEN\'S COLLEGE, PARLAKHEMUNDI', 0, 2),
(567, 'C-39331', 'ACADEMY OF TECHNOCRATS, BERHAMPUR', 0, 2),
(568, 'C-39370', 'ARMY A.D. COLLEGE, GOPALPUR', 0, 2),
(569, 'C-39421', 'ASKA SCIENCE COLLEGE, ASKA', 0, 2),
(570, 'C-39422', 'BELLAGUNTHA SCIENCE COLLEGE, BELLAGUNTHA', 0, 2),
(571, 'C-39406', 'BERHAMPUR CITY COLLEGE, BERHAMPUR', 0, 2),
(572, 'C-39404', 'BHANJA COLLEGE OF COMPUTER AND MANAGEMENT, BHANJANAGAR', 0, 2),
(573, 'C-39408', 'BIJU PATNAIK HOMEOPATHY MEDICAL COLLEGE & HOSPITAL, BERHAMPUR', 0, 2),
(574, 'C-39355', 'BINAYAK ACHARYA COLLEGE, BERHAMPUR', 0, 2),
(575, 'C-39433', 'BISWASROY SCIENCE COLLEGE, PATTAPUR', 0, 2),
(576, 'C-39431', 'CHATRAPUR WOMEN\'S COLLEGE, CHATRAPUR', 0, 2),
(577, 'C-39383', 'CHIKITI MAHAIDYALAYA, CHIKITI', 0, 2),
(578, 'C-39320', 'COLLEGE OF ADVANCE COMPUTING, BERHAMPUR', 0, 2),
(579, 'C-39341', 'COLLEGE OF BUSINESS  ADMINISTRATION, BERHAMPUR', 0, 2),
(580, 'C-39423', 'COLLEGE OF LIBRARY AND INFORMATION SCIENCE, SMIT, ANKUSHPUR', 0, 2),
(581, 'C-39349', 'COLLEGE OF NURSING, BERHAMPUR', 0, 2),
(582, 'C-30070', 'COLLEGE OF PHARMACEUTICAL SCIENCES (CPS), MOHUDA, BERHAMPUR', 0, 2),
(583, 'C-39412', 'COLLEGE OF PHARMACEUTICAL SCIENCES, MOHUDA', 0, 2),
(584, 'C-39333', 'D.P. MISHRA INSTITUTE, KODALA', 0, 2),
(585, 'C-39382', 'DISHA COLLEGE OF MANAGEMENT, BERHAMPUR', 0, 2),
(586, 'C-39372', 'DPIASE, KONISI', 0, 2),
(587, 'C-30064', 'GANDHI ACADEMY OF TECHNOLOGY AND ENGINEERING (GATE), BERHAMPUR', 0, 2),
(588, 'C-30121', 'GANDHI INSTITUTE OF INDUSTRIAL TECHNOLOGY (GIIT), BERHAMPUR', 0, 2),
(589, 'C-39328', 'GANJAM COLLEGE, GANJAM', 0, 2),
(590, 'C-39445', 'GANJAM LAW COLLEGE, BERHAMPUR', 0, 2),
(591, 'C-39348', 'GAYATRI INSTITUTE OF SCIENCE AND TECHNOLOGY, BERHAMPUR', 0, 2),
(592, 'C-39347', 'GOPALPUR COLLEGE, GOPALPUR', 0, 2),
(593, 'C-39415', 'GOVERNMENT SCIENCE COLLEGE, CHATRAPUR', 0, 2),
(594, 'C-23111', 'GOVT. COLLEGE OF ART AND CRAFTS', 0, 2),
(595, 'C-50981', 'IMPERIAL COLLEGE', 0, 2),
(596, 'C-39424', 'K.B.V. MAHAVIDYALAYA, KABISURYANAGAR', 0, 2),
(597, 'C-39434', 'K.M. SCIENCE COLLEGE, NARENDRAPUR', 0, 2),
(598, 'C-39395', 'K.S.U.B. COLLEGE, BHANJANAGAR', 0, 2),
(599, 'C-30105', 'KALAM INSTITUTE OF TECHNOLOGY (KIT), BERHAMPUR', 0, 2),
(600, 'C-39400', 'KESHPUR COLLEGE, KESHPUR', 0, 2),
(601, 'C-39410', 'KHALLIKOTE (AUTONOMOUS) COLLEGE, BERHAMPUR', 0, 2),
(602, 'C-39417', 'KHEMUNDI COLLEGE, DIGAPAHANDI', 0, 2),
(603, 'C-39319', 'KSUB COLLEGE OF TEACHER EDUCATION, BHANJANAGAR', 0, 2),
(604, 'C-39340', 'L.N. DEGREE COLLEGE, KODALA', 0, 2),
(605, 'C-39443', 'LINGARAJ LAW COLLEGE, BERHAMPUR', 0, 2),
(606, 'C-39367', 'MAHAMAYEE MAHILA MAHAIDYALAYA, BERHAMPUR', 0, 2),
(607, 'C-39378', 'MKCG MEDICAL COLLEGE, BERHAMPUR', 0, 2),
(608, 'C-30132', 'NATIONAL INSTITUTE OF SCIENCE AND TECHNOLOGY (NIST), BERHAMPUR', 0, 2),
(609, 'C-30068', 'PARALA MAHARAJA ENGINEERING COLLEGE, BERHAMPUR', 0, 2),
(610, 'C-39414', 'PEOPLE\'S COLLEGE, BUGUDA', 0, 2),
(611, 'C-39389', 'POLASARA SCIENCE COLLEGE, POLASARA', 0, 2),
(612, 'C-39332', 'R.C.M. SCIENCE COLLEGE, KHALLIKOTE', 0, 2),
(613, 'C-30115', 'RAHUL INSTITUTE OF ENGINEERING AND TECHNOLOGY (RIET), BERHAMPUR', 0, 2),
(614, 'C-39428', 'RAMJEE MAHAVIDYALAYA, BHISHMAGIRI', 0, 2),
(615, 'C-30091', 'ROLAND INSTITUTE OF PHARMACEUTICAL SCIENCES (RIPS), BERHAMPUR', 0, 2),
(616, 'C-30113', 'ROLAND INSTITUTE OF TECHNOLOGY (RIT), BERHAMPUR', 0, 2),
(617, 'C-30100', 'ROYAL COLLEGE OF PHARMACY AND HEALTH SCIENCES (RCPHS), BERHAMPUR', 0, 2),
(618, 'C-39339', 'RUSHIKULYA DEGREE COLLEGE, SURADA', 0, 2),
(619, 'C-39403', 'S.B.P. MAHAVIDYALAYA, SAMANTIAPALLI', 0, 2),
(620, 'C-39345', 'SABITRI WOMEN\'S COLLEGE, BHANJANAGAR', 0, 2),
(621, 'C-30151', 'SANJAY MEMORIAL INSTITUTE OF TECHNOLOGY (SMIT), BERHAMPUR', 0, 2),
(622, 'C-39361', 'SBRG (AUTONOMOUS) WOMEN\'S COLLEGE, BERHAMPUR', 0, 2),
(623, 'C-39359', 'SCIENCE COLLEGE, HINJILICUT', 0, 2),
(624, 'C-39444', 'SCIENCE COLLEGE, KONKORADA', 0, 2),
(625, 'C-30063', 'SMIT, PG CENTRE FOR MANAGEMENT STUDIES, BRAHMAPUR', 0, 2),
(626, 'C-39356', 'SRI JAGANNATH MAHAVIDYALAYA, RAMBHA', 0, 2),
(627, 'C-39427', 'TARA TARINI COLLEGE, PURUSHOTTAMPUR', 0, 2),
(628, 'C-39398', 'TSD COLLEGE, B.D. PUR', 0, 2),
(629, 'C-39439', 'UDAYA PRATAP SCIENCE COLLEGE, SHEGADA', 0, 2),
(630, 'C-30038', 'VIGNAN INSTITUTE OF TECHNOLOGY AND MANAGEMENT (VITAM), BRAHMAPUR', 0, 2),
(631, 'C-39685', 'A.S.COLLEGE,TIRTOL, JAGATSINGHPUR', 0, 2),
(632, 'C-39791', 'ASHRAMAPATNA COLLEGE,ASHRAMAPATN,JAGATSINGHPUR', 0, 2),
(633, 'C-39843', 'BALIKUDA COLLEGE,BALIKUDA,JAGATSINGHPUR', 0, 2),
(634, 'C-39728', 'BALIKUDA WOMEN\'S COLLEGE,BALIKUDA(W),JAGATSINGHPUR', 0, 2),
(635, 'C-40866', 'BELPAHAR COLLEGE,BELPAHAR', 0, 2),
(636, 'C-30110', 'BLACK DIAMOND COLLEGE OF ENGINEERING AND TECHNOLOGY, (BDCET), JHARSUGUDA', 0, 2),
(637, 'C-40926', 'BRAJRAJNAGAR COLLEGE', 0, 2),
(638, 'C-40822', 'L.N.COLLEGE', 0, 2),
(639, 'C-40813', 'MAHIMA COLLEGE', 0, 2),
(640, 'C-40876', 'P.S.COLLEGE,KOLABIRA', 0, 2),
(641, 'C-40857', 'P.S.COLLEGE,LAIKERA', 0, 2),
(642, 'C-40853', 'PRASANNA PANDA LAW COLLEGE', 0, 2),
(643, 'C-40939', 'C.J.DEGREE COLLEGE,BORDA', 0, 2),
(644, 'C-30046', 'GOVERNMENT COLLEGE OF ENGINEERING, KALAHANDI', 0, 2),
(645, 'C-40840', 'GOVT. COLLEGE,BHAWANIPATNA', 0, 2),
(646, 'C-40825', 'INDRAVATI MAHAVIDYALAYA', 0, 2),
(647, 'C-40856', 'KALAHANDI LAW COLLEGE', 0, 2),
(648, 'C-40996', 'KALAHANDI TRAINING COLLEGE', 0, 2),
(649, 'C-39426', 'ADIVASI COLLEGE, BALLIGUDA', 0, 2),
(650, 'C-39324', 'AMCS COLLEGE, TIKABALI', 0, 2),
(651, 'C-39420', 'GOVERNMENT (AUTONOMOUS) COLLEGE, PHULBANI', 0, 2),
(652, 'C-54930', 'GOVERNMENT B.ED. TRAINING COLLEGE KALINGA', 0, 2),
(653, 'C-43891', 'GOVERNMENT TEACHERS TRAINING COLLEGE, PHULBANI', 0, 2),
(654, 'C-39436', 'K.I.G.M. DEGREE COLLEGE, LINEPADA', 0, 2),
(655, 'C-39368', 'NETAJI SUBHAS BOSE COLLEGE, TUMUDIBANDHA', 0, 2),
(656, 'C-39342', 'PANCHAYAT COLLEGE, PHIRINGIA', 0, 2),
(657, 'C-39380', 'S.M. GOVERNMENT WOMEN\'S COLLEGE, PHULBANI', 0, 2),
(658, 'C-39806', 'AUL COLLEGE AUL, KENDRAPARA', 0, 2),
(659, 'C-39576', 'B.P.COLLEGE,ANTEI, KENDRAPARA', 0, 2),
(660, 'C-39581', 'BRAHMANI COLLEGE, DANDISAI, KENDRAPARA`', 0, 2),
(661, 'C-39826', 'D.S. LAW  COLLEGE, KENDRAPARA', 0, 2),
(662, 'C-44082', 'GOPINATHPUR SANSKRIT COLLEGE', 0, 2),
(663, 'C-39831', 'KARILOPATNA COLLEGE, KARILOPATNA,KENDRAPARA', 0, 2),
(664, 'C-39525', 'KENDRAPARA AUTONOMOUS COLLEGE, KENDRAPARA,', 0, 2),
(665, 'C-39573', 'KENDRAPARA EVENING COLLEGE,KENDRAPARA', 0, 2),
(666, 'C-39704', 'L.B.COLLEGE,AYATPUR, KENDRAPARA', 0, 2),
(667, 'C-39730', 'LOKNATH  MOHAVIDYALAYA, KORUA,PATKURA, KENEDRAPARA', 0, 2),
(668, 'C-39727', 'MARSHAGHAI COLLEGE,MARSHAGHAI, KENDRAPARA', 0, 2),
(669, 'C-39571', 'OLAVER COLLEGE,OLAVER, KENDRAPARA', 0, 2),
(670, 'C-39537', 'PATTAMUNDAI COLLEGE, PATTAMUNDAI,KENDRAPARA', 0, 2),
(671, 'C-39507', 'PATTAMUNDAI WOMEN\'S COLLEGE, PATTAMUNDAI, KENDRAPARA', 0, 2),
(672, 'C-39774', 'S.N.COLLEGE,RAJKANIKA, KENDRAPARA', 0, 2),
(673, 'C-39715', 'S.S.B.COLLEGE,MAHAKALPARA, KENDRAPARA', 0, 2),
(674, 'C-39538', 'SRI SRI JAGANNATH MOHAVIDYALAYA,RAJNAGAR, KENDRAPARA', 0, 2),
(675, 'C-39786', 'TULASI WOMEN\'S COLLEGE, KENDRAPARA', 0, 2),
(676, 'C-39578', 'PARADIPCOLLEGE,PARADIP,JAGATSINGHPUR', 0, 2),
(677, 'C-39555', 'U.K.MAHAVIR COLLEGE, MADANPUR, KENDRAPARA', 0, 2),
(678, 'C-39553', 'S.V.M. AUTONOMOUS COLLEGE,JAGATSINGHPUR,', 0, 2),
(679, 'C-39853', 'A.P.COLLEGE,SUJANPUR,JAJPUR', 0, 2),
(680, 'C-39741', 'A.S.COLLEGE,BALIA, JAJPUR', 0, 2),
(681, 'C-39633', 'SARALAMAHAVIDYALAYA,RAHAMA, JAGATSINGHPUR', 0, 2),
(682, 'C-39575', 'B.B.MOHAVIDYALAYA, CHANDIKHOLA,JAJPUR', 0, 2),
(683, 'C-39790', 'B.S.COLLEGE,NUAHAT,JAJPUR', 0, 2),
(684, 'C-39723', 'BARUNESWAR MOHAVIDYALAYA,AREI,JAJPUR', 0, 2),
(685, 'C-39787', 'KHARASROTA MOHAVIDYALAYA, SINGHPUR,JAJPUR', 0, 2),
(686, 'C-39616', 'G.C.COLLEGE,RAMACHANDRAPUR, JAJPUR', 0, 2),
(687, 'C-39565', 'BHARATI VIHAR MOHAVIDYALAYA,SUKINDA, JAJPUR', 0, 2),
(688, 'C-39547', 'BIRAJA LAW COLLEGE, JAJPUR', 0, 2),
(689, 'C-39630', 'N.C. AUTONOMOUS COLLEGE,JAJPUR', 0, 2),
(690, 'C-39837', 'CHITALO COLLEGE,CHITALO, JAJPUR', 0, 2),
(691, 'C-39688', 'DHARAMASALA MOHAVIDYALAYA, DHARAMSALA,JAJPUR', 0, 2),
(692, 'C-39839', 'JHADESWAR DEGREE COLLEGE, TOLKANI,JAJPUR', 0, 2),
(693, 'C-39854', 'BIRAJA WOMENS COLLEGE, JAJPUR', 0, 2),
(694, 'C-39672', 'KADAMBINI PAL WOMEN\'S COLLEGE,RAJATOTA,JAJPUR', 0, 2),
(695, 'C-39747', 'KASINATH MOHAVIDYALAYA, KAIPADA,JAJPUR', 0, 2),
(696, 'C-39550', 'M.H.D.MOHAVIDYALAYA, CHHOTIA,JAJPUR', 0, 2),
(697, 'C-39605', 'MANGALPUR WOMEN\'S COLLEGE, MANGALPUR,JAJPUR', 0, 2),
(698, 'C-39784', 'MUKUNDAPATRA DEGREE MAHAVIDYALAYA, BALARAMPUR, JAJPUR', 0, 2),
(699, 'C-39623', 'REGIONAL COLLEGE,RAMBAG,JAJPUR', 0, 2),
(700, 'C-39604', 'MADHUPUR COLLEGE,KALAN,JAJPUR', 0, 2),
(701, 'C-39697', 'S.G.COLLEGE,KANIKAPADA JAJPUR', 0, 2),
(702, 'C-39762', 'SAHASPUR COLLEGE, BALICHANDRAPUR,JAJPUR', 0, 2),
(703, 'C-39624', 'SUKINDA COLLEGE,SUKINDA,JAJPUR', 0, 2),
(704, 'C-39740', 'VYASA NAGAR COLLEGE,JAJPUR ROAD, JAJPUR', 0, 2),
(705, 'C-39515', 'INDIRA GANDHI MAHILA MOHAVIDYALAYA, JAJPUR', 0, 2),
(706, 'C-10958', 'ANCHALIKA M.V. HATADIHI', 0, 2),
(707, 'C-10898', 'ANCHALIKA MAHAVIDYALAYA, PADMAPUR', 0, 2),
(708, 'C-10950', 'B.B MAHAVIDYALAYA, HARICHANDANPUR', 0, 2),
(709, 'C-10936', 'BARBIL COLLEGE, BARBIL', 0, 2),
(710, 'C-10923', 'C.S COLLEGE, CHAMPUA', 0, 2),
(711, 'C-10970', 'DHARANIDHAR (AUTO) COLLEGE, KEONJHAR', 0, 2),
(712, 'C-30049', 'GOVERNMENT COLLEGE OF ENGINEERING, KEONJHAR', 0, 2),
(713, 'C-10929', 'GOVT. WOMEN\'S COLLEGE,KEONJHAR', 0, 2),
(714, 'C-10945', 'JAGANNATH M.V. NAYAGARH, BATTO', 0, 2),
(715, 'C-10951', 'JODA WOMEN\'S COLLEGE,JODA', 0, 2),
(716, 'C-10932', 'KEONJHAR LAW COLLEGE, KEONJHAR', 0, 2),
(717, 'C-10954', 'P.S COLLEGE, JHUMPURA', 0, 2),
(718, 'C-10925', 'RIMULI COLLEGE, RIMULI', 0, 2),
(719, 'C-10930', 'SANTOOSI MAA REGIONAL COLLEGE, JHARBELDA', 0, 2),
(720, 'C-10915', 'T.T.MAHAVIDYALAYA, GHATAGAON', 0, 2),
(721, 'C-39546', 'ACADEMY OF MANAGEMENT & INFORMATION TECHNOLOGY, IID CENTRE, BIDYA VIHAR, KHURDA', 0, 2),
(722, 'C-30036', 'ACADEMY OF MANAGEMENT AND INFORMATION TECHNOLOGY, (AMIT), KHURDA', 0, 2),
(723, 'C-23099', 'ACADEMY OF YOGA AND ORIENTAL STUDIES', 0, 2),
(724, 'C-39512', 'AFFINITY BUSINESS SCHOOL, PLOT NO. 119/A, MANCHESWAR I.E., BHUBANESWAR', 0, 2),
(725, 'C-30138', 'APEX INSTITUTE OF TECHNOLOGY AND MANAGEMENT (AITM), PAHALA, BHUBANESWAR', 0, 2),
(726, 'C-39817', 'ARYA SCHOOL OF MANAGEMENT & INFORMATION TECHNOLOGY, PLOT NO. 320, PATRAPADA, BBSR', 0, 2),
(727, 'C-30107', 'ARYAN INSTITUTE OF ENGINEERING AND TECHNOLOGY, (AIET), BARAKUDA, KHURDA, BHUBANESWAR', 0, 2),
(728, 'C-39611', 'ASBM INSTITUTE OF PROFESSIONAL STUDIES, SIKSHA VIHAR, BHOLA, CHANDAKA, BHUBANESWAR', 0, 2),
(729, 'C-30180', 'ASTHA SCHOOL OF MANAGEMENT, (ASM), BHUBANESWAR', 0, 2),
(730, 'C-39680', 'B.J.B. AUTONOMOUS COLLEGE, BBSR, KHURDA', 0, 2),
(731, 'C-23094', 'B.K. COLLEGE OF ART AND CRAFTS', 0, 2),
(732, 'C-39622', 'B.P. COLLEGE OF SCIENCE  & EDU., BBSR, KHURDA', 0, 2),
(733, 'C-39569', 'BALUGAN COLLEGE,BALUGAN,', 0, 2),
(734, 'C-39510', 'BANAMALIPUR DEGREE COLLEGE, BANAMALIPUR, KHURDA', 0, 2),
(735, 'C-30165', 'BARRISTER RANJIT MOHANTY  INTERNATIONAL INSTITUTE OF TECHNOLOGY (BRMIIT), BHUBANESWAR', 0, 2),
(736, 'C-39731', 'BAURIBANDHU MAHAVIDYALAYA, CHHATABAR', 0, 2),
(737, 'C-39628', 'BEGUNIA COLLEGE,BEGUNIA, KHURDA', 0, 2),
(738, 'C-30155', 'BHUBANESWAR COLLEGE OF ENGINEERING, (BCE), KHORDHA', 0, 2),
(739, 'C-30048', 'BHUBANESWAR ENGINEERING COLLEGE, (BEC), BHUBANESWAR, KHORDHA', 0, 2),
(740, 'C-30184', 'BHUBANESWAR INSTITUTE OF INDUSTRIAL TECHNOLOGY, (BIIT), KHURDA', 0, 2),
(741, 'C-30101', 'BHUBANESWAR INSTITUTE OF MANAGEMENT AND INFORMATION TECHNOLOGY (BIMIT), BHUBANESWAR', 0, 2),
(742, 'C-30125', 'BHUBANESWAR INSTITUTE OF TECHNOLOGY, (BIT), INFOVALLEY, HARAPUR, BHUBANESWAR', 0, 2),
(743, 'C-30142', 'BIJU PATNAIK INSTITUTE OF INFORMATION TECHNOLOGY AND MANAGEMENT, (BIITM), BHUBANESWAR', 0, 2),
(744, 'C-30083', 'BRM INSTITUTE OF MANAGEMENT AND INFORMATION TECHNOLOGY (BRMIMIT), BHUBANESWAR', 0, 2),
(745, 'C-23098', 'BUJI PATTNAIK COLLEGE OF HOTEL MANAGEMENT AND TOURISM', 0, 2),
(746, 'C-30188', 'CAPITAL ENGINEERING COLLEGE, (CEC), MAHATPALA, KHORDHA', 0, 2),
(747, 'C-30156', 'CAPITAL INSTITUTE OF MANAGEMENT AND SCIENCE, (CIMS), BHUBANESWAR', 0, 2),
(748, 'C-39570', 'CAPITAL LAW COLLEGE, PLOT NO. A/63, CRP SQUARE, BHUBANESWAR', 0, 2),
(749, 'C-23085', 'CENTRAL INSTITUTE OF HOTEL MANAGEMENT AND CATERING', 0, 2),
(750, 'C-30067', 'CENTRAL INSTITUTE OF PLASTIC ENGINEERING AND TECHNOLOGY (CIPET), BHUBANESWAR', 0, 2),
(751, 'C-30082', 'CENTRE FOR IT EDUCATION, BHUBANESWAR', 0, 2),
(752, 'C-30137', 'CENTRE FOR MANAGEMENT STUDIES (CMS, OEC), BHUBANESWAR', 0, 2),
(753, 'C-50926', 'CENTURION INSTITUTE OF TECHNOLOGY', 0, 2),
(754, 'C-39589', 'CHAKRADHARA INSTITUTE OF REHABILITATION SCIENCES, F-10, BJB NAGAR, BHUBANESWAR', 0, 2),
(755, 'C-39597', 'CITY WOMEN\'S COLLEGE, SIRIPUR, BBSR,KHURDA', 0, 2),
(756, 'C-30047', 'COLLEGE OF ENGINEERING & TECHNOLOGY, BHUBANESWAR', 0, 2),
(757, 'C-30032', 'COLLEGE OF ENGINEERING (CEB), BHUBANESWAR', 0, 2),
(758, 'C-30045', 'CV RAMAN COLLEGE OF ENGINEERING (CVRCE), BHUBANESWAR', 0, 2),
(759, 'C-30177', 'CV RAMAN COMPUTER ACADEMY (CVRCA), BHUBANESWAR', 0, 2),
(760, 'C-39744', 'D.R.NAYAPALLI COLLEGE, NAYAPALLI, BBSR, KHURDA', 0, 2),
(761, 'C-39763', 'DAV SCHOOL OF BUSINESS MANAGEMENT, UNIT-8, BBSR', 0, 2),
(762, 'C-39712', 'DDCE,UTKAL UNIVERSITY', 0, 2),
(763, 'C-23110', 'DHAULI COLLEGE OF ART AND CRAFTS', 0, 2),
(764, 'C-39548', 'DR. A.C. HOMEOPATHIC MEDICAL COLLEGE & HOSPITAL, KHARVEL NAGAR, BHUBANESWAR.', 0, 2),
(765, 'C-39694', 'DURGA CHARAN CHILIKA COLLEGE,TANGI, KHURDA', 0, 2);
INSERT INTO `tbl_master_institute` (`id`, `code`, `name`, `dist_id`, `institute_type_id`) VALUES
(766, 'C-30041', 'EINSTEIN ACADEMY OF TECHNOLOGY AND MANAGEMENT (EATM), BHUBANESWAR', 0, 2),
(767, 'C-39558', 'EKARMA COLLEGE,BBSR', 0, 2),
(768, 'C-30148', 'GANDHI ENGINEERING COLLEGE (GEC), BHUBANESWAR', 0, 2),
(769, 'C-30170', 'GANDHI INSTITUTE FOR EDUCATION AND TECHNOLOGY (GIET), KHURDA, BHUBANESWAR', 0, 2),
(770, 'C-30033', 'GANDHI INSTITUTE FOR TECHNOLOGY (GIFT), KHURDA, BHUBANESWAR', 0, 2),
(771, 'C-30080', 'GANDHI INSTITUTE OF EXCELLENT TECHNOCRATS (GIET), BHUBANESWAR (FORMERLY : XAVIER INST.  OF TECH, BH*', 0, 2),
(772, 'C-30066', 'GANDHI INSTITUTE OF TECHNOLOGICAL ADVANCEMENTS (GITA), BHUBANESWAR', 0, 2),
(773, 'C-30086', 'GANDHI INSTITUTE OF TECHNOLOGY AND MANAGEMENT (GITAM), BHUBANESWAR', 0, 2),
(774, 'C-30104', 'GLOBAL INSTITUTE OF MANAGEMENT (GIM), BHUBANESWAR', 0, 2),
(775, 'C-39766', 'GODABARISH MOHAVIDYALAYA, BANPUR,KHURDA', 0, 2),
(776, 'C-23114', 'GOPABANDHU INSTITUTE OF SOCIAL SCIENCES AND MANAGEMENT', 0, 2),
(777, 'C-39517', 'GOVT. COLLEGE OF PHYSICAL EDUCATION, KALINGA STADIUM, NAYAPALLI, BHUBANESWAR', 0, 2),
(778, 'C-30117', 'GURUKULA COLLEGE OF ENGINEERING FOR WOMEN (GCEW), BHUBANESWAR', 0, 2),
(779, 'C-30079', 'GURUKULA INSTITUTE OF TECHNOLOGY (GIT), BHUBANESWAR', 0, 2),
(780, 'C-30126', 'HI-TECH COLLEGE OF ENGINEERING (HCE), BHUBANESWAR', 0, 2),
(781, 'C-39800', 'HI-TECH COLLEGE OF NURSING, HEALTH PARK, PANDARA, RASULGARH, BHUBANESWAR', 0, 2),
(782, 'C-30050', 'HI-TECH COLLEGE OF PHARMACY (HCP), BHUBANESWAR', 0, 2),
(783, 'C-39535', 'HI-TECH COLLEGE OF PHYSIOTHERAPY, PANDARA, BHUBANESWAR', 0, 2),
(784, 'C-30102', 'HI-TECH INSTITUTE OF TECHNOLOGY (HIT), BHUBANESWAR', 0, 2),
(785, 'C-39608', 'HI-TECH. DENTAL COLLEGE & HOSPITAL, HEALTH PARK, RASULGARH, BHUBANESWAR', 0, 2),
(786, 'C-39706', 'HI-TECH. MEDICAL COLLEGE & HOSPITAL, PANDRA, RASULGARH, BHUBANESWAR', 0, 2),
(787, 'C-39726', 'IMAGE, POT NO. 302, IMAGE CAMPUS, RASULGARH, BHUBANESWAR', 0, 2),
(788, 'C-30189', 'INDIAN INSTITUTE OF SCIENCE AND INFORMATION TECHNOLOGY (IISIT), BHUBANESWAR', 0, 2),
(789, 'C-30088', 'INDIC INSTITUTE OF DESIGN AND RESEARCH (IIDR), BHUBANESWAR', 0, 2),
(790, 'C-30134', 'INDIRA GANDHI INSTITUTE OF PHARMACEUTICAL SCIENCES (IGIPS), BHUBANESWAR', 0, 2),
(791, 'C-39577', 'INDIRA GANDHI MEMORIAL AY. MEDICAL COLLEGE & HOSPITAL, POKHARIPUT, BHUBANESWAR', 0, 2),
(792, 'C-30075', 'INDOTECH COLLEGE OF ENGINEERING (ICE), KHURDA, BHUBANESWAR', 0, 2),
(793, 'C-30056', 'INDUS COLLEGE OF ENGINEERING (ICE), BHUBANESWAR', 0, 2),
(794, 'C-39785', 'INSTITUTE OF ENTREPRENEURSHIP DEVELOPMENT, ODISHA, 123, MANCHESWAR I. E. BBSR', 0, 2),
(795, 'C-39729', 'INSTITUTE OF HEALTH SCIENCES, N-2/41, IRC VILLAGE, NAYAPALLI, BHUBANESWAR', 0, 2),
(796, 'C-39594', 'INSTITUTE OF MEDIA STUDIES, OCHC COMPLEX, JANPATH, KHARVEL NAGAR, BHUBANESWAR', 0, 2),
(797, 'C-23090', 'INSTITUTE OF TOURISM AND HOTEL MANAGEMENT', 0, 2),
(798, 'C-39783', 'INTER SCIENCE DEGREE COLLEGE,, KANTABAD, KHURDA', 0, 2),
(799, 'C-39529', 'JANATA COLLEGE, KUHURI, KHURDA', 0, 2),
(800, 'C-39520', 'JATNI COLLEGE, JATNI, KHURDA', 0, 2),
(801, 'C-39698', 'JEWELS INTERNATIONAL (CHETANA COLLEGE OF SPECIAL EDN.) A/3, INSTITUTIONAL AREA, BBSR', 0, 2),
(802, 'C-39757', 'K.B.COLLEGE,BARANGA,KHURDA', 0, 2),
(803, 'C-39847', 'K.B.D.A.V.COLLEGE, NIRAKARPUR, KHURDA', 0, 2),
(804, 'C-44072', 'K.C.G. SANSKRIT COLLEGE', 0, 2),
(805, 'C-39526', 'K.N.WOMEN\'S  COLLEGE,BBSR, KHURDA', 0, 2),
(806, 'C-39613', 'KABI PRASANNA PATSANI ANCHALIKA DEGREE MOHAVIDYALAYA,MALIPADA, KHURDA', 0, 2),
(807, 'C-39711', 'KALINGA COLLEGE OF COMMERCE,  SAMANTARAPUR, BBSR', 0, 2),
(808, 'C-39852', 'KALINGA INSTITUTE OF MANAGEMENT & TECHNOLOGY, 7TH FLOOR, OCHC COMPLEX, UNIT-III, BHUBANESWAR', 0, 2),
(809, 'C-30051', 'KMBB COLLEGE OF ENGINEERING AND TECHNOLOGY, BHUBANESWAR', 0, 2),
(810, 'C-30179', 'KONARK INSTITUTE OF SCIENCE AND TECHNOLOGY (KIST), BHUBANESWAR', 0, 2),
(811, 'C-30163', 'KOUSTAV BUSINESS SCHOOL, BBSR', 0, 2),
(812, 'C-30183', 'KOUSTAV INSTITUTE OF SELF DOMAIN (KISD), BHUBANESWAR', 0, 2),
(813, 'C-30052', 'KRUPAJAL ENGINEERING COLLEGE (KEC), BHUBANESWAR', 0, 2),
(814, 'C-30159', 'KRUPAJAL MANAGEMENT STUDIES (KMS), BHUBANESWAR (FORMERLY :AMS, BHUBANESWAR)', 0, 2),
(815, 'C-39566', 'LORD JAGANNATH MISSION\'S COLLEGE OF NURSING, PLOT NO.228/237,  MANCHESWAR INDUSTRIAL ESTATE, BHUBAN*', 0, 2),
(816, 'C-30084', 'MADHUSUDAN INSTITUTE OF COOPERATIVE MANAGEMENT (MICM), BHUBANESWAR', 0, 2),
(817, 'C-30147', 'MAHARAJA INSTITUTE OF TECHNOLOGY (MIT), BHUBANESWAR', 0, 2),
(818, 'C-39780', 'MAHARSHI COLLEGE OF NATURAL LAW, BBSR, KHURDA', 0, 2),
(819, 'C-39554', 'MAHARSHI WOMENS COLLEGE, SAILASHREE VIHAR, BHUBANESWAR', 0, 2),
(820, 'C-30042', 'MAHAVIR INSTITUTE OF ENGINEERING AND TECHNOLOGY (MIET), KHURDA, BHUBANESWAR', 0, 2),
(821, 'C-39561', 'MANJARI DEVI COLLEGE OF NURSING, PLOT -68, RASULGARH, BHUBANESWAR', 0, 2),
(822, 'C-39751', 'MITS  SCHOOL OF BIOTECHNOLOGY, 2P, INFOCITY, PATIA, CHANDAKA INDUSTRIAL ESTATE, BHUBANESWAR', 0, 2),
(823, 'C-30097', 'MODERN INSTITUTE OF TECHNOLOGY AND MANAGEMENT (MITM), BHUBANESWAR', 0, 2),
(824, 'C-39860', 'MOTHERS BUSINESS SCHOOL, UNIT-I, BHUBANESWAR', 0, 2),
(825, 'C-39534', 'NABAKRISHNA CHOUDHURY CENTRE FOR DEVELOPMENT STUDIES, BHUBANESWAR', 0, 2),
(826, 'C-39825', 'NACHUNI COLLEGE, NACHUNI, KHURDA', 0, 2),
(827, 'C-30034', 'NALANDA INSTITUTE OF TECHNOLOGY (NIT), BHUBANESWAR', 0, 2),
(828, 'C-39584', 'NALINI DEVI WOMEN\'S COLLEGE OF TEACHERS\' EDUCATION, BHUBANESWAR', 0, 2),
(829, 'C-23092', 'NATIONAL INSTITUTE OF FASHION DESIGN', 0, 2),
(830, 'C-23108', 'NATIONAL INSTITUTE OF HOTEL MANAGEMENT AND TOURISM', 0, 2),
(831, 'C-23086', 'NATIONAL INSTITUTE OF SOCIAL WORK AND SOCIAL SCIENCE', 0, 2),
(832, 'C-39846', 'NAXATRA INSTITUTE OF MEDIA STUDIES, CHANDRASEKHARPUR, PLOT NO.-1, CNI COMPLEX, BHUBANESWAR', 0, 2),
(833, 'C-54444', 'NEELACHAL INSTITUTE OF MEDICAL SCIENCES, BHUBANESWAR', 0, 2),
(834, 'C-30167', 'NIGAM INSTITUTE OF ENGINEERING AND TECHNOLOGY (NIET), BHUBANESWAR', 0, 2),
(835, 'C-30096', 'NIIS INSTITUTE OF BUSINESS ADMINISTRATION (IBA), BHUBANESWAR', 0, 2),
(836, 'C-39709', 'NIIS INSTITUTE OF INF. SC. & MANAGEMENT, SARADA VIHAR, MADANPUR, BHUBANESWAR', 0, 2),
(837, 'C-39794', 'NISWASS, 3, CHANDRASEKHARPUR, BHUBANESWAR', 0, 2),
(838, 'C-30157', 'NM INSTITUTE OF ENGINEERING AND TECHNOLOGY (NMIET), BHUBANESWAR', 0, 2),
(839, 'C-30172', 'ORISSA ENGINEERING COLLEGE (OEC), BHUBANESWAR', 0, 2),
(840, 'C-30123', 'OXFORD COLLEGE OF ENGINEERING AND MANAGEMENT (OCEM), BHUBANESWAR', 0, 2),
(841, 'C-39737', 'P.N. COLLEGE OF LIB.& INFORMATION SCIENCE, BHUBANESWAR', 0, 2),
(842, 'C-39761', 'P.S. DEGREE COLLEGE,BALAKATI, KHURDA', 0, 2),
(843, 'C-39799', 'PARAMANANDA COLLEGE, BALAGARH, KHURDA', 0, 2),
(844, 'C-39841', 'PJ COLLEGE OF MANAGEMENT & TECHNOLOGY, KESORA, BANKUAL, BHUBANESWAR', 0, 2),
(845, 'C-30150', 'PJ COLLEGE OF MANAGEMENT AND TECHNOLOGY (PJCMT), BHUBANESWAR', 0, 2),
(846, 'C-39667', 'PRANA NATH AUTONOMOUS COLLEGE, KHURDA', 0, 2),
(847, 'C-39626', 'R.D. WOMEN\'S AUTONOMOUS COLLEGE, BBSR, KHURDA', 0, 2),
(848, 'C-39745', 'R.M.D.COLLEGE OF SCIENCE & EDU., PATIA,BBSR, KHURDA', 0, 2),
(849, 'C-30039', 'RAAJDHANI ENGINEERING COLLEGE (REC), BHUBANESWAR', 0, 2),
(850, 'C-30131', 'RADHAKRISHNA INSTITUTE OF ENGINEERING AND TECHNOLOGY (RITE), KHURDA, BHUBANESWAR', 0, 2),
(851, 'C-30094', 'RAJDHANI COLLEGE OF ENGINEERING AND MANAGEMENT (RCEM), BHUBANESWAR', 0, 2),
(852, 'C-39792', 'RAJDHANI COLLEGE,BBSR, KHURDA', 0, 2),
(853, 'C-30171', 'REGIONAL COLLEGE OF MANAGEMENT (RCM), BHUBANESWAR', 0, 2),
(854, 'C-39545', 'REGIONAL COLLEGE OF MANAGEMENT, CHAKADOLA VIHAR, BHUBANESWAR', 0, 2),
(855, 'C-39582', 'REGIONAL INSTITUTE OF EDUCATION, BHUBANESWAR,', 0, 2),
(856, 'C-39755', 'ROYAL SCHOOL OF MANAGEMENT & TECHNOLOGY, IDCO TOWER, MANCHESWAR I.E.,  BBSR.', 0, 2),
(857, 'C-39754', 'S.A.MOHAVIDYALAYA, BALIPATNA, KHURDA', 0, 2),
(858, 'C-39574', 'S.H. MOHAVIDYALAYA, MADANPUR, KHURDA', 0, 2),
(859, 'C-50464', 'SAI INTERNATIONAL COLLEGE OF COMMERCE AND ECONOMICS, KHORDHA', 0, 2),
(860, 'C-23119', 'SAMBAD SCHOOL OF MEDIA AND CULTURE', 0, 2),
(861, 'C-30093', 'SARASWAT INSTITUTE OF MANAGEMENT (SIM), BHUBANESWAR', 0, 2),
(862, 'C-39857', 'SARAT PAIKARAY MOHAVIDYALAYA, ARAGUL, KHURDA', 0, 2),
(863, 'C-23101', 'SATWIK INSTITUTE OF PROFESSIONAL STUDIES', 0, 2),
(864, 'C-39646', 'SATYASAI COLLEGE FOR WOMEN\'S, BBSR, KHURDA', 0, 2),
(865, 'C-52389', 'SGI SCHOOL OF ARCHITECTURE', 0, 2),
(866, 'C-30136', 'SHIBANI INSTITUTE OF TECHNICAL EDUCATION (SITE), BHUBANESWAR', 0, 2),
(867, 'C-30153', 'SILICON INSTITUTE OF TECHNOLOGY (SIT), BHUBANESWAR', 0, 2),
(868, 'C-30111', 'SOPHITORIUM ENGINEERING COLLEGE (SEC), KHURDA', 0, 2),
(869, 'C-39845', 'SOPHITORIUM INSTITUTE OF TECHNOLOGY & LIFE SKILLS, JATNI, KHURDA', 0, 2),
(870, 'C-30140', 'SPINTRONIC TECHNOLOGY AND ADVANCED RESEARCH (STAR), TARABOI, BHUBANESWAR', 0, 2),
(871, 'C-39657', 'SRI JAGANNATH COLLEGE, KAIPADAR, KHURDA', 0, 2),
(872, 'C-39618', 'SRI JAYADEV COLLEGE OF EDU.&TECH.,NAHARKANTA,BBSR, KHURDA', 0, 2),
(873, 'C-30085', 'SRUSTI ACADEMY OF MANAGEMENT (SAM), BHUBANESWAR', 0, 2),
(874, 'C-30174', 'SUBAS INSTITUTE OF TECHNOLOGY (SIT), BARANG, BHUBANESWAR', 0, 2),
(875, 'C-50676', 'SWOSTI INSTITUTE OF MANAGEMENT AND SOCIAL STUDIES', 0, 2),
(876, 'C-30098', 'SYNERGY INSTITUTE OF  TECHNOLOGY (SIT), PAHALA, BHUBANESWAR', 0, 2),
(877, 'C-30186', 'TEMPLECITY INSTITUTE OF TECHNOLOGY AND ENGINEERING (TITE), KHURDA', 0, 2),
(878, 'C-30178', 'THE TECHNO SCHOOL (TTS), BHUBANESWAR', 0, 2),
(879, 'C-30149', 'TRIDENT ACADEMY OF CREATIVE TECHNOLOGY (TACT), BHUBANESWAR', 0, 2),
(880, 'C-39627', 'TRIDENT ACADEMY OF CREATIVE TECHNOLOGY, CHANDAKA  INDUSTRIAL ESTATE, BHUBANESWAR', 0, 2),
(881, 'C-30185', 'TRIDENT ACADEMY OF TECHNOLOGY (TAT), BHUBANESWAR', 0, 2),
(882, 'C-39818', 'UNITED INSTITUTE OF IT & MANAGEMENT STUDIES, 37/A, CHANDAKA INDUSTRIAL ESTATE, BBSR', 0, 2),
(883, 'C-30053', 'UNITED SCHOOL OF BUSINESS MANAGEMENT (USBM), BHUBANESWAR', 0, 2),
(884, 'C-39668', 'UNIVERSITY LAW COLLEGE', 0, 2),
(885, 'C-23103', 'UTKAL SANGEET MAHAVIDYALAYA', 0, 2),
(886, 'C-30043', 'VEDANG INSTITUTE OF TECHNOLOGY (VIT), KHURDA, BHUBANESWAR', 0, 2),
(887, 'C-39603', 'VISWASS COLLEGE OF NURSING, PLOT NO. 474, PITAPALLI SQUARE, KUMARBASTA, KHURDA', 0, 2),
(888, 'C-39631', 'VISWASS, PLOT NO. 474, PITAPALLI SQUARE, KUMARBASTA, KHURDA', 0, 2),
(889, 'C-30187', 'VITS ENGINEERING COLLEGE, KHURDA', 0, 2),
(890, 'C-39739', 'WOMEN\'S COLLEGE, KHURDA', 0, 2),
(891, 'C-39327', 'AERONAUTICS COLLEGE, SUNABEDA', 0, 2),
(892, 'C-50828', 'BHAIRABA DEGREE MAHAVIDYALAYA, BORIGUMMA', 0, 2),
(893, 'C-39399', 'BIJU PATNAIK COLLEGE, KUNDRA', 0, 2),
(894, 'C-39374', 'COUNCIL FOR ANALYTICAL TRIBAL STUDIES, KORAPUT', 0, 2),
(895, 'C-39375', 'DAV COLLEGE OF TEACHER\'S EDUCATION, KORAPUT', 0, 2),
(896, 'C-30154', 'GOPAL KRISHNA COLLEGE OF ENGINEERING AND TECHNOLOGY (GKCET), JEYPORE', 0, 2),
(897, 'C-39360', 'GOVERNMENT COLLEGE, KORAPUT', 0, 2),
(898, 'C-39318', 'GOVERNMENT WOMEN\'S COLLEGE, JEYPORE', 0, 2),
(899, 'C-39384', 'HI-TECH INSTITUTE OF INFORMATION TECHNOLOGY, JEYPORE', 0, 2),
(900, 'C-39411', 'JEYPORE LAW COLLEGE, JEYPORE', 0, 2),
(901, 'C-39409', 'KOTPAD COLLEGE, KOTPAD', 0, 2),
(902, 'C-39413', 'LAXMIPUR COLLEGE, LAXMIPUR', 0, 2),
(903, 'C-30119', 'SAMANTA CHANDRASEKHAR INSTITUTE OF TECHNOLOGY AND MANAGEMENT (SCITM), SEMILIGUDA', 0, 2),
(904, 'C-39440', 'SEMILIGUDA COLLEGE, SEMILIGUDA', 0, 2),
(905, 'C-39418', 'SUNABEDA WOMEN\'S COLLEGE, SUNABEDA', 0, 2),
(906, 'C-39338', 'VIKRAM DEB (AUTONOMOUS) COLLEGE, JEYPORE', 0, 2),
(907, 'C-39376', 'BALIMELA COLLEGE OF SCIENCE AND TECHNOLOGY, BALIMELA', 0, 2),
(908, 'C-39401', 'BIJU PATNAIK COLLEGE OF EDUCATION, GOVINDAPALLI', 0, 2),
(909, 'C-39391', 'MALKANGIRI COLLEGE, MALKANGIRI', 0, 2),
(910, 'C-10947', 'A.P COLLEGE, RARUAN', 0, 2),
(911, 'C-23117', 'ACADEMY OF MANAGEMENT STUDIES', 0, 2),
(912, 'C-23081', 'ASHUTOSH MAHARAJ COLLEGE OF MANAGEMENT AND TECHNOLOGY', 0, 2),
(913, 'C-10937', 'ASHUTOSH MAHARAJA COLLEGE OF MGT, BARIPADA', 0, 2),
(914, 'C-10944', 'B.B COLLEGE, BAIGANBADIA', 0, 2),
(915, 'C-10926', 'B.P.S COLLEGE, BARSAHI', 0, 2),
(916, 'C-10960', 'BADAMPAHAR DEGREE COLLEGE, BADAMPAHAR', 0, 2),
(917, 'C-10968', 'BANABHUMI COLLEGE, RANGAMATIA', 0, 2),
(918, 'C-10904', 'BARIPADA COLLEGE, BAARIPADA', 0, 2),
(919, 'C-10938', 'BETNOTI COLLEGE, BETNOTI', 0, 2),
(920, 'C-10924', 'CHITRADA COQLLEGE, CHITRADA', 0, 2),
(921, 'C-50727', 'GOVERNMENT SANSKRIT COLLEGE, BARIPADA', 0, 2),
(922, 'C-10955', 'GOVT. WOMEN\'S COLLEGE,BARIPADA', 0, 2),
(923, 'C-10905', 'I.G MAHILA M.V, UDALA', 0, 2),
(924, 'C-10912', 'JASHIPUR COLLEGE, JASHIPUR', 0, 2),
(925, 'C-10935', 'KAPTIPADA COLLEGE, KAPTIPADA', 0, 2),
(926, 'C-10914', 'KAPTIPADA COLLEGE, NUASAHI', 0, 2),
(927, 'C-10948', 'KARANJIA COLLEGE, KARANJIA', 0, 2),
(928, 'C-10943', 'KHUNTA DEGREE COLLEGE, KHUNTA', 0, 2),
(929, 'C-10909', 'L.K COLLEGE, BANGRIPOSI', 0, 2),
(930, 'C-10919', 'M.G. COLLEGE, BAISINGA', 0, 2),
(931, 'C-10895', 'M.P.C (AUTO) COLLEGE, BARIPADA', 0, 2),
(932, 'C-10957', 'MAA BASULI M.V THAKURMUNDA', 0, 2),
(933, 'C-10902', 'MAHILA MAHAVIDYALAYA, RAIRANGPUR', 0, 2),
(934, 'C-10927', 'MAYURBHANJ COLLEGE OF ACCOUNT & MGT, BARIPADA', 0, 2),
(935, 'C-10952', 'MAYURBHANJ HOMOE .MED. COQLLEGE & HOSPITAL', 0, 2),
(936, 'C-10956', 'MAYURBHANJ LAW COLLEGE, BARIPADA', 0, 2),
(937, 'C-10969', 'MEGHASAN COLLEGE, NUDADIHA', 0, 2),
(938, 'C-10967', 'P.S. COLLEGE, SULIAPADA', 0, 2),
(939, 'C-10900', 'PANCHPIRH +3 DEGREE COLLEGE, KARANJIA', 0, 2),
(940, 'C-10910', 'R.D.S MAHAVIDYALAYA, KUNDABAI', 0, 2),
(941, 'C-10946', 'RAIRANGPUR  COLLEGE, RAIRANGPUR', 0, 2),
(942, 'C-10897', 'S.C.B. DEGREE COLLEGE, RAGDHA', 0, 2),
(943, 'C-10941', 'SEEMAANTA M.V, JHARAPOKHARIA', 0, 2),
(944, 'C-30106', 'SEEMANTA ENGINEERING COLLEGE (SEC), MAYURBHANJ', 0, 2),
(945, 'C-30044', 'SEEMANTA INSTITUTE OF PHARMACEUTICAL SCIENCES (SIPS), JHARPOKHARIA, MAYURBHANJ', 0, 2),
(946, 'C-10921', 'SRIMAA MAHILA M.V. BARIPADA', 0, 2),
(947, 'C-10965', 'SUKRULI DEGREE COLLEGE, SUKRULI', 0, 2),
(948, 'C-10920', 'U.G,C.T.E. COLLEGE, BARIPADA', 0, 2),
(949, 'C-10959', 'U.N COLLEGE, NALAGAJA', 0, 2),
(950, 'C-10903', 'UDALA COLLEGE, UDALA', 0, 2),
(951, 'C-39402', 'PANABEDA MAHAVIDYALAYA, CHANDAHANDI', 0, 2),
(952, 'C-39317', 'PENDRANI MAHAVIDYALAYA, UMERKOTE', 0, 2),
(953, 'C-39358', 'WOMEN\'S COLLEGE, NABARANGPUR', 0, 2),
(954, 'C-39710', 'B.S. COLLEGE, DASPALLA', 0, 2),
(955, 'C-39527', 'BALUNKESWAR DEV ANCHALIK DEGREE COLLEGE, TIKIRIPADA', 0, 2),
(956, 'C-39523', 'MILLENIUM ACADEMY OF HIGHER EDUCATION, NAYAGARH', 0, 2),
(957, 'C-39677', 'NAYAGARH COLLEGE, NAYAGARH', 0, 2),
(958, 'C-39743', 'NAYAGARH PRAJAMANDAL MAHILA MAHAVIDYALAYA, NAYAGARH', 0, 2),
(959, 'C-39519', 'NILAMADHABA MAHAVIDYALAYA, KANTILO, NAYAGARH', 0, 2),
(960, 'C-39552', 'P.A. COLLEGE, BAULASAHI, NAYAGARH', 0, 2),
(961, 'C-39842', 'P.S. COLLEGE, KHANDAPARA, NAYAGARH', 0, 2),
(962, 'C-39585', 'R.S. MAHAVIDYALAYA, ODAGAON, NAYAGARH', 0, 2),
(963, 'C-39651', 'RANPUR COLLEGE, RANPUR', 0, 2),
(964, 'C-39804', 'S.S.R.N.J. MAHAVIDYALAYA, GANIA, NAYAGARH', 0, 2),
(965, 'C-39721', 'SARANKUL COLLEGE, SARANKUL, NAYAGARH', 0, 2),
(966, 'C-39549', 'SUNAKHALA COLLEGE, RAJSUNAKHALA, NAYAGARH', 0, 2),
(967, 'C-39835', 'WOMEN\'S COLLEGE, KHANDAPARA, NAYAGARH', 0, 2),
(968, 'C-40833', '+3 DEGREE COLLEGE,SINAPALI', 0, 2),
(969, 'C-40941', 'K.M.DEGREE COLLEGE', 0, 2),
(970, 'C-40868', 'KHARIAR COLLEGE,KHARIAR', 0, 2),
(971, 'C-40965', 'NATIONAL COLLEGE', 0, 2),
(972, 'C-39648', 'A.D. MAHAVIDYALAYA, BRAHMAGIRI', 0, 2),
(973, 'C-39632', 'BALANGA COLLEGE, BALANGA, PURI', 0, 2),
(974, 'C-39505', 'BRAHMAESWAR MAHAVIDYALAYA, DHARMAKIRTI,PURI', 0, 2),
(975, 'C-30065', 'COLLEGE OF PHARMACEUTICAL SCIENCES (CPS), PURI', 0, 2),
(976, 'C-39735', 'G.M. LAW COLLEGE, PURI', 0, 2),
(977, 'C-30135', 'GHANASHYAM HEMLATA INSTITUTE OF TECHNOLOGY AND MANAGEMENT (GHITM), PURI', 0, 2),
(978, 'C-39695', 'GOP COLLEGE, GOP', 0, 2),
(979, 'C-39543', 'GOPABANDHU AY. MAHAVIDYALAYA, PURI', 0, 2),
(980, 'C-39683', 'GOPINATH DEV DEGREE COLLEGE, PRATAP PURUSOTTAMPUR', 0, 2),
(981, 'C-39834', 'GOVT. WOMEN\'S COLLEGE, PURI', 0, 2),
(982, 'C-39719', 'H.D.V. SCIENCE COLLEGE, PANASPADA, PURI', 0, 2),
(983, 'C-30129', 'IMT PHARMACY COLLEGE, PURI', 0, 2),
(984, 'C-39669', 'INDIRA GANDHI DEGREE WOMEN\'S COLLEGE, NIMAPARA', 0, 2),
(985, 'C-39769', 'KALYANPUR COLLEGE, KALYANPUR, PURI', 0, 2),
(986, 'C-39855', 'KANAS COLLEGE, KANAS, PURI', 0, 2),
(987, 'C-39524', 'KONARK BHAGABATI COLLEGE, KONARK', 0, 2),
(988, 'C-39724', 'KONARK WOMEN\'S COLLEGE, SARADA, KONARK', 0, 2),
(989, 'C-39606', 'MANGALA MAHAVIDYALAYA, KAKATPUR', 0, 2),
(990, 'C-39511', 'NETRANANDA SAHOO WOMEN\'S COLLEGE, KAKATPUR', 0, 2),
(991, 'C-39838', 'NIMAPARA COLLEGE, NIMAPARA', 0, 2),
(992, 'C-39586', 'PANCHAYAT DEGREE COLLEGE OF EDN. & TECH. SATAPADA, PURI', 0, 2),
(993, 'C-39703', 'PIPILI COLLEGE, PIPILI', 0, 2),
(994, 'C-23093', 'PREMERE INSTITUTE OF HOTEL MANAGEMENT, CATERING TECHNOLOGY AND TOURISM', 0, 2),
(995, 'C-39692', 'RATANPUR SCIENCE DEGREE COLLEGE, UDAYAPUR, ASTARANG', 0, 2),
(996, 'C-23080', 'REGIONAL INSTITUTE OF SOCIAL SCIENCE OF RESEARCH', 0, 2),
(997, 'C-39859', 'S.M.S. COLLEGE, CHITRAKARASAHI, PURI', 0, 2),
(998, 'C-39684', 'SCS (AUTO) COLLEGE, PURI', 0, 2),
(999, 'C-39665', 'U.G.S. MAHAVIDYALAYA, SAKHIGOPAL', 0, 2),
(1000, 'C-30071', 'GANDHI INSTITUTE OF ADVANCED COMPUTER AND RESEARCH (GIACR), RAYAGADA (FORMERLY  IACR, RAYAGADA)', 0, 2),
(1001, 'C-30092', 'GANDHI INSTITUTE OF ENGINEERING AND TECHNOLOGY (GIET), GUNUPUR', 0, 2),
(1002, 'C-30128', 'GANDHI INSTITUTE OF MANAGEMENT STUDIES (GIMS), GUNUPUR', 0, 2),
(1003, 'C-30062', 'GANDHI INSTITUTE OF SCIENCE AND TECHNOLOGY (GIST), RAYAGADA', 0, 2),
(1004, 'C-30144', 'GAYATRI INSTITUTE OF COMPUTER AND MANAGEMENT STUDIES (GICMS), GUNUPUR', 0, 2),
(1005, 'C-39337', 'GAYATRI INSTITUTE OF COMPUTER AND MANAGEMENT STUDIES, GUNUPUR', 0, 2),
(1006, 'C-30057', 'GAYATRI INSTITUTE OF SCIENCE AND TECHNOLOGY (GIST), GUNUPUR', 0, 2),
(1007, 'C-39432', 'GUNUPUR COLLEGE, GUNUPUR', 0, 2),
(1008, 'C-39416', 'MAA MARKAMA COLLEGE, BISSAMCUTTACK', 0, 2),
(1009, 'C-30095', 'MAJHIGHARIANI INSTITUTE OF TECHNOLOGY AND SCIENCE (MITS), RAYAGADA', 0, 2),
(1010, 'C-39321', 'MITS, RAYAGADA', 0, 2),
(1011, 'C-39397', 'MUNIGUDA COLLEGE, MUNIGUDA', 0, 2),
(1012, 'C-39385', 'R.G. COLLEGE, PADMAPUR', 0, 2),
(1013, 'C-39365', 'RAYAGADA (AUTONOMOUS) COLLEGE, RAYAGADA', 0, 2),
(1014, 'C-30175', 'RAYAGADA INSTITUTE OF TECHNOLOGY AND MANAGEMENT (RITAM), RAYAGADA', 0, 2),
(1015, 'C-39396', 'SCIENCE COLLEGE, GUDARI', 0, 2),
(1016, 'C-39330', 'THAYARAMMA WOMEN\'S COLLEGE, GUNJPUR', 0, 2),
(1017, 'C-39343', 'WOMEN\'S COLLEGE, RAYAGADA', 0, 2),
(1018, 'C-40987', 'BAMRA T.F.COLLEGE,BAMRA', 0, 2),
(1019, 'C-40912', 'BHIMA BHOI COLLEGE,RAIRAKHOL', 0, 2),
(1020, 'C-40902', 'CHARLES BABBAGE COLLEGE OF INFORMATION TECHNOLOGY', 0, 2),
(1021, 'C-40835', 'D.S.COLLEGE,LAIDA', 0, 2),
(1022, 'C-40967', 'DR.J.K.S.COLLEGE', 0, 2),
(1023, 'C-40863', 'G.M.AUTONOMOUS COLLEGE', 0, 2),
(1024, 'C-40978', 'G.P.R.COLLEGE,KUNTARA', 0, 2),
(1025, 'C-30146', 'GAYATRI COLLEGE OF MANAGEMENT (GCM), SAMBALPUR', 0, 2),
(1026, 'C-30108', 'GAYATRI COLLEGE OF PHARMACY (GCP), SAMBALPUR', 0, 2),
(1027, 'C-40925', 'GOVT.WOMEN\'S COLLEGE', 0, 2),
(1028, 'C-40908', 'HIRAKUD COLLEGE,HIRAKUD', 0, 2),
(1029, 'C-40824', 'JAMANKIRA COLLEGE,JAMANKIRA', 0, 2),
(1030, 'C-40882', 'KUCHINDA COLLEGE,KUCHINDA', 0, 2),
(1031, 'C-40997', 'L.R.LAW COLLEGE', 0, 2),
(1032, 'C-40884', 'MAA JHADESWARI COLLEGE,DHAMA', 0, 2),
(1033, 'C-40957', 'N.A.C.COLLEGE,BURLA', 0, 2),
(1034, 'C-40845', 'N.S.C.B.COLLEGE', 0, 2),
(1035, 'C-40810', 'NAKTIDEUL COLLEGE', 0, 2),
(1036, 'C-40875', 'PARBATIGIRI COLLEGE,JUJUMURA', 0, 2),
(1037, 'C-40901', 'SAMBALPUR NURSING COLLEGE, AT- ASA ACADEMY,PO-JAYANTPUR', 0, 2),
(1038, 'C-40983', 'SAMBALPUR UNIVERSITY INSTITUTE OF INFORMATION TECHNOLOGY (SUIIT)', 0, 2),
(1039, 'C-40841', 'SARASWAT MAHAVIDYALAYA', 0, 2),
(1040, 'C-30072', 'SILICON INSTITUTE OF TECHNOLOGY (SIT), SAMBALPUR', 0, 2),
(1041, 'C-40979', 'SURAJMAL COLLEGE,RENGALI', 0, 2),
(1042, 'C-40831', 'V.S.S.MEDICAL COLLEGE', 0, 2),
(1043, 'C-40990', 'A.E.S.COLLEGE, TARBHA', 0, 2),
(1044, 'C-40995', 'BIRAMAHARAJPUR COLLEGE', 0, 2),
(1045, 'C-40834', 'DUNGURIPALI COLLEGE,DUNGRIPALI', 0, 2),
(1046, 'C-40946', 'SHREE RAM COLLEGE', 0, 2),
(1047, 'C-40842', 'SIDDHARTHA DEGREE COLLEGE', 0, 2),
(1048, 'C-40826', 'SONEPUR COLLEGE', 0, 2),
(1049, 'C-40914', 'A.S.DEGREE COLLEGE,SUBDEGA', 0, 2),
(1050, 'C-40891', 'A.W.D.I.,SECTOR-6,BASTIA BHAWAN,ROURKELA', 0, 2),
(1051, 'C-40886', 'BONAIGARH COLLEGE,BONAIGARH', 0, 2),
(1052, 'C-40905', 'COLLEGE OF ARTS,SCIENCE &TECHNOLOGY,BONDOMUNDA', 0, 2),
(1053, 'C-43408', 'COLLEGE OF TEACHER EDUCATION,ROURKELA', 0, 2),
(1054, 'C-40931', 'DALMIA COLLEGE,RAJGANGPUR', 0, 2),
(1055, 'C-43409', 'DR. AMBEDKAR MEMORIAL INSTITUTE OF INFORMATION TECHNOLOGY & MANAGEMENT SCIENCE,ROURKELA', 0, 2),
(1056, 'C-30164', 'DR. AMBEDKAR MEMORIAL INSTITUTE OF INFORMATION TECHNOLOGY AND MANAGEMENT SCIENCE, ROURKELA', 0, 2),
(1057, 'C-40966', 'GANDHI MAHAVIDYALAYA,ROURKELA', 0, 2),
(1058, 'C-40928', 'GOVT.COLLEGE,ROURKELA', 0, 2),
(1059, 'C-43268', 'GOVT.COLLEGE,SUNDARGARH', 0, 2),
(1060, 'C-40958', 'GOVT.WOMEN\'S COLLEGE', 0, 2),
(1061, 'C-44060', 'GURUKUL SANSKRIT COLLEGE', 0, 2),
(1062, 'C-52236', 'HI-TECH MEDICAL COLLEGE, ROURKELA', 0, 2),
(1063, 'C-30114', 'IIPM SCHOOL OF MANAGEMENT, ROURKELA', 0, 2),
(1064, 'C-40881', 'ISPAT COLLEGE,ROURKELA', 0, 2),
(1065, 'C-40865', 'JADUPATI +3 DEGREE COLLEGE', 0, 2),
(1066, 'C-40922', 'JASODA BISHNU COLLEGE', 0, 2),
(1067, 'C-40839', 'KALYANI ROY MAHAVIDYALAYA', 0, 2),
(1068, 'C-30145', 'KANAK MANJARI INSTITUTE OF PHARMACEUTICAL SCIENCES (KMIPS), ROURKELA', 0, 2),
(1069, 'C-40883', 'KOIRA DEGREE COLLEGE,KOIRA', 0, 2),
(1070, 'C-40959', 'LAHUNIPARA COLLEGE,LAHUNIPARA', 0, 2),
(1071, 'C-41000', 'NEELASHAILA MAHAVIDYALAYA,ROURKELA', 0, 2),
(1072, 'C-40827', 'P.S.DEGREE COLLEGE', 0, 2),
(1073, 'C-30158', 'PADMANAV COLLEGE OF ENGINEERING (PCE), ROURKELA', 0, 2),
(1074, 'C-30112', 'PURUSOTTAM INSTITUTE OF ENGINEERING AND TECHNOLOGY (PIET), ROURKELA', 0, 2),
(1075, 'C-40888', 'R.I.M.STUDIES,CHHEND', 0, 2),
(1076, 'C-40830', 'ROURKELA COLLEGE', 0, 2),
(1077, 'C-30031', 'ROURKELA INSTITUTE OF MANAGEMENT STUDIES (RIMS), ROURKELA', 0, 2),
(1078, 'C-30152', 'ROURKELA INSTITUTE OF TECHNOLOGY (RIT), ROURKELA', 0, 2),
(1079, 'C-40890', 'ROURKELA LAW COLLEGE', 0, 2),
(1080, 'C-40862', 'ROURKELA MUNICIPAL COLLEGE', 0, 2),
(1081, 'C-40961', 'S.D.WOMEN\'S COLLEGE', 0, 2),
(1082, 'C-40860', 'S.G.WOMEN\'S COLLEGE', 0, 2),
(1083, 'C-40854', 'S.S.COLLEGE', 0, 2),
(1084, 'C-30116', 'SUNDERGARH  ENGINEERING COLLEGE (SEC), SUNDERGARH', 0, 2),
(1085, 'C-40812', 'V.P.COLLEGE', 0, 2),
(1086, 'C-40945', 'VEDVYAS MAHAVIDYALAYA', 0, 2),
(1087, 'C-40818', '+3 DEGREE COLLEGE,KARLAPADA,KALAHANDI', 0, 2),
(1088, 'C-39516', '+3 DEGREE WOMEN???S COLLEGE, KAMAKSHYANAGAR, DHENKANAL', 0, 2),
(1089, 'C-40955', 'WOMEN\'S COLLEGE', 0, 2),
(1090, 'C-50722', 'UTKALMANI SANSKRIT MOHAVIDYALAYA, BETADA', 0, 2),
(1091, 'C-39531', 'TANGI  COLLEGE,TANGI,CUTTACK', 0, 2),
(1092, 'C-21382', 'SRINIBAS COLLEGE', 0, 2),
(1093, 'C-10962', 'D.L.DEGREE COLLEGE, BAHALDA', 0, 2),
(1094, 'C-40964', 'GOVT.WOMEN\'S COLLEGE', 0, 2),
(1095, 'C-39718', 'H.N.S.COLLEGE,CHANDOL, KENDRAPARA', 0, 2),
(1096, 'C-40814', 'GOVT.BALANGIR COLLEGE (EVEN.)', 0, 2),
(1097, 'C-40877', 'GOVT.COLLEGE OF PHYSICAL EDUCATION', 0, 2),
(1098, 'C-23095', 'GURU HAREKRUSHNA BEHERA COLLEGE OF ART AND CULTURE', 0, 2),
(1099, 'C-39435', 'N.B.C. COLLEGE, KENDUPADAR', 0, 2),
(1100, 'C-21356', 'NILAMANI MAHAVIDYALAYA', 0, 2),
(1101, 'C-40897', 'P.I.DEGREE COLLEGE', 0, 2),
(1102, 'C-39814', '+3 ANCHALIKA MAHAVIDYALAYA, BARISAL, DHENKANAL', 0, 2),
(1103, 'C-21388', '+3 MAA SARADA DEVI MAHAVIDYALAYA', 0, 2),
(1104, 'C-40867', 'V.V.COLLEGE,PAIKMAL', 0, 2),
(1105, 'C-39528', 'BANSHIDHAR MAHAVIDYALAYA, ITAMATI, NAYAGARH', 0, 2),
(1106, 'C-39599', '+3 SANDA COLLEGE, SANDA, HINDOL ROAD, DHENKANAL', 0, 2),
(1107, 'C-21391', '+3 WOMENS COLLEGE BHOGARAI', 0, 2),
(1108, 'C-39851', 'S.S.S. MOHAVIDYALAYA, SATYAVIHAR, DHENKANAL', 0, 2),
(1109, 'C-10939', 'A.A.TRAINING COLLEGE, FAKIRPUR, AANANDAPUR', 0, 2),
(1110, 'C-39598', 'A.B.WOMENS DEGREE COLLEGE,ALAKUNDA,JAJPUR', 0, 2),
(1111, 'C-40984', 'A.P.S.COLLEGE,ROTH', 0, 2),
(1112, 'C-39823', 'ALAKAMOHAVIDYALAYA,ANANTABATA,JAGATSINGHPUR', 0, 2),
(1113, 'C-51851', 'AMAR +3 MAHAVIDYALAYA KUSURLA', 0, 2),
(1114, 'C-44070', 'ANANTA SANSKRIT COLLEGE', 0, 2),
(1115, 'C-40843', 'ANCHALIK +3 DEGREE COLLEGE,SANCHERGAON', 0, 2),
(1116, 'C-39568', 'ANCHALIK MAHAVIDYALAYA, BANASINGH,DHENKANAL', 0, 2),
(1117, 'C-39357', 'ANCHALIKA DEGREE COLLEGE, JAGANNATHPRASAD', 0, 2),
(1118, 'C-10928', 'ANCHALIKA M.V PURUNABARIPADA', 0, 2),
(1119, 'C-44098', 'ABHAYA AYURVEDA SANSKRIT COLLEGE', 0, 2),
(1120, 'C-10899', 'ANCHALIKA M.V, GADIA', 0, 2),
(1121, 'C-39429', 'ANCHALIKA MAHAVIDYALAYA, KSHETRIYABARAPUR', 0, 2),
(1122, 'C-39441', 'ANCHALIKA SCIENCE COLLEGE, BALLIPADAR', 0, 2),
(1123, 'C-39768', 'ANCHALIKMAHAVIDYALAY, PRAGYAN VIHAR,DHENKANAL', 0, 2),
(1124, 'C-23120', 'ASIAN INSTITUTE OF SOCIAL SCIENCE AND TECHNOLOGY', 0, 2),
(1125, 'C-39771', 'ASTARANGA COLLEGE, ASTARANG', 0, 2),
(1126, 'C-44100', 'ASTASAMBHU SANSKRIT COLLEGE', 0, 2),
(1127, 'C-39699', 'B.C.COLLEGE,REDDHUA,JAGATSINGHPUR', 0, 2),
(1128, 'C-39637', 'B.D.MAHILA MAHAVIDYALAYA, NATKAI,NISCHINTAKOILI,CUTTACK', 0, 2),
(1129, 'C-40809', 'B.G.DEGREE COLLEGE,KASAIBAHAL', 0, 2),
(1130, 'C-40894', 'B.G.T.LAW COLLEGE,GADVITAR', 0, 2),
(1131, 'C-21368', 'B.I.S.T.', 0, 2),
(1132, 'C-39579', 'B.J.B. +3 COLLEGE, GADARODANG, BRAHMAGIRI, PURI', 0, 2),
(1133, 'C-21366', 'B.P. COLLEGE', 0, 2),
(1134, 'C-40903', 'B.P.DEGREE COLLEGE,BODEN', 0, 2),
(1135, 'C-40861', 'B.P.DEGREE WOMEN\'S COLLEGE,SONEPUR', 0, 2),
(1136, 'C-39798', 'B.R.SCIENCE COLLEGE,HATASAHI KACHERI,KENDRAPARA', 0, 2),
(1137, 'C-10964', 'B.T.WOMEN\'S COLLEGE,CHHENAPODI', 0, 2),
(1138, 'C-50728', 'BABA BHIMESWAR SANSKRIT COLLEGE, CHAPAMANIK', 0, 2),
(1139, 'C-21381', 'BABAMANI COLLEGE (+3)', 0, 2),
(1140, 'C-44088', 'BAGISWARI SANSKRIT COLLEGE', 0, 2),
(1141, 'C-50724', 'BARABATI SANSKRIT COLLEGE, DHARMASALA', 0, 2),
(1142, 'C-39645', 'BAISIMAUZA COLLEGE,PURAN,ANAKHIA,JAGATSINGHPUR', 0, 2),
(1143, 'C-50725', 'BALABHADRA NARAYAN SANSKRIT COLLEGE, SALAPADA', 0, 2),
(1144, 'C-39636', 'BARAPORA MOHAVIDYALAYA BARAPARA, PATTAMUNDAI, KENDRAPARA', 0, 2),
(1145, 'C-39532', 'BAYA ABADHUT COLLEGE,KANIMAL,JAGATSINGHPUR', 0, 2),
(1146, 'C-39430', 'BELLESWAR MAHAVIDYALAYA, GONDOLA', 0, 2),
(1147, 'C-39819', 'BH.D.MAHAVIDYALAYA, MARKANDAPUR,JAJPUR', 0, 2),
(1148, 'C-23112', 'BHADRAK COLLEGE OF ART AND CRAFTS', 0, 2),
(1149, 'C-21384', 'BHADRAK LAW COLLEGE', 0, 2),
(1150, 'C-39407', 'BHAIRAB COLLEGE, DABUGAON', 0, 2),
(1151, 'C-40873', 'BHAIRABI COLLEGE,PURUNAKATAK', 0, 2),
(1152, 'C-44087', 'BHOLANATH SANSKRIT COLLEGE', 0, 2),
(1153, 'C-23113', 'BHUBANESWAR SCHOOL OF HOTEL MANAGEMENT AND TOURISM', 0, 2),
(1154, 'C-50716', 'BIDYA BHUSHAN SANSKRIT MOHAVIDYALAYA, BALANGIR', 0, 2),
(1155, 'C-44068', 'BIJAYACHAND SANSKRIT COLLEGE', 0, 2),
(1156, 'C-39364', 'BIJU PATNAIK WOMEN\'S COLLEGE, DIGAPAHANDI', 0, 2),
(1157, 'C-52220', 'BINAPANI DEGREE COLLEGE, DHUMABHATA', 0, 2),
(1158, 'C-44101', 'BINAPANI SANSKRIT COLLEGE', 0, 2),
(1159, 'C-44071', 'BIRAJA SANSKRIT COLLEGE', 0, 2),
(1160, 'C-39656', 'BIRUPPA COLLEGE,INDUPUR, KENDRAPARA', 0, 2),
(1161, 'C-10966', 'BOULA +3 DEGREE COLLEGE, SOSO', 0, 2),
(1162, 'C-39759', 'BRAHMA BBARADA DEGREE COLLEGE, BRAHMABARADA,JAJPUR', 0, 2),
(1163, 'C-39796', 'BRAHMONJHARILO MAHAVIDYALAYA,RAIPUR, PHULNAKHERA, CUTTACK', 0, 2),
(1164, 'C-48487', 'C P DEGREE COLLEGE, BHANJKIA', 0, 2),
(1165, 'C-39736', 'CAPITAL ACADEMY OF PROFESSIONAL STUDIES, 961/2421 (2ND FLOOR), FOREST PARK, BBSR', 0, 2),
(1166, 'C-39813', 'CHAITANYA SAHU COLLEGE OF SCI.&ARTS, NUAPATNA, CUTTACK', 0, 2),
(1167, 'C-10971', 'CHARIGARH M.V. TELKOI', 0, 2),
(1168, 'C-39533', 'CHITROTPALA WOMEN\'S COLLEGE, KORUA, KENDRAPARA', 0, 2),
(1169, 'C-39541', 'CHOUDA MOUZA BIDYUT MAHAVIDYALAYA, GARHASANPUT', 0, 2),
(1170, 'C-39764', 'COLLEGE OF BUSINESS MANAGEMENT, MUKUND PRASAD, KHURDA', 0, 2),
(1171, 'C-39602', 'D.J. +3 MAHAVIDYALAYA, BAHADA JHOLA, NAYAGARH', 0, 2),
(1172, 'C-44059', 'DADHIBAMAN SANSKRIT COLLEGE', 0, 2),
(1173, 'C-39673', 'COM. POINT INSTITUTE OF TECHNOLOGY, GAMHADIA, CANAL ROAD, CUTTACK', 0, 2),
(1174, 'C-10942', 'DADHIBAMAN COLLEGE, TURMUNGA', 0, 2),
(1175, 'C-44069', 'CHINTAMANI SANSKRIT COLLEGE', 0, 2),
(1176, 'C-44079', 'DADHIBAMANJEW SANSKRIT COLLEGE', 0, 2),
(1177, 'C-44103', 'DAMODAR SANSKRIT COLLEGE', 0, 2),
(1178, 'C-39682', 'DAMPARA ANCHALIK MAHAVIDYALAYA,DAMPARA, CUTTACK.', 0, 2),
(1179, 'C-54589', 'DARWIN MEMORIAL DEGREE COLLEGE, KUDUMULUGUMMA', 0, 2),
(1180, 'C-39666', 'DAYAVIHAR DEGREE COLLEGE, GADASAHI, KANAS', 0, 2),
(1181, 'C-39614', 'DEBRAY SAMARSING COLLEGE, GANESWARPUR, KENDRAPARA', 0, 2),
(1182, 'C-40927', 'DEGREE COLLEGE,KANTABANJI', 0, 2),
(1183, 'C-10931', 'DEGREE GOORUMAHISANI IRON COLLEGE', 0, 2),
(1184, 'C-52234', 'DEGREE SCIENCE COLLEGE, MAHALING', 0, 2),
(1185, 'C-39828', 'DELTA COLLEGE,NARAYANI VIHAR,BHITAR BAMPU, KENDRAPARA', 0, 2),
(1186, 'C-40930', 'DEOGARH WOMEN\'S COLLEGE', 0, 2),
(1187, 'C-39559', 'DERABIS COLLEGE,DERABIS, KENDRAPARA', 0, 2),
(1188, 'C-39502', 'DHARAMASALA MAHILA MOHAVIDYALAYA,(W) JAJPUR', 0, 2),
(1189, 'C-40920', 'DHARAMGARH WOMEN\'S COLLEGE', 0, 2),
(1190, 'C-39362', 'DM SCIENCE COLLEGE, GALLERY', 0, 2),
(1191, 'C-44084', 'DR. GHANASHYAM MISHRA SANSKRIT COLLEGE', 0, 2),
(1192, 'C-44076', 'DR. H.K. MAHATAB SANSKRIT COLLEGE', 0, 2),
(1193, 'C-39583', 'HALADIA COLLEGE, HALADIAKHURDA', 0, 2),
(1194, 'C-39758', 'HINDI TEACHERS TRAINING INSTITUTE, OLD SECRETARIAT BUILDING, CUTTACK.', 0, 2),
(1195, 'C-39662', 'DR. R.C.S.R.I OF SC. & TECH., GANIA, NAYAGARH', 0, 2),
(1196, 'C-40993', 'DR.P.M.I.A.S.FOR TEACHER EDUCATION', 0, 2),
(1197, 'C-40904', 'EKALABYA P.S.COLLEGE,KANSAR', 0, 2),
(1198, 'C-39770', 'GADIBRAHMA COLLEGE, DELANGA', 0, 2),
(1199, 'C-39671', 'GADIBRAMA WOMEN\'S COLLEGE, KADUAPADA, JAGATSINGHPUR', 0, 2),
(1200, 'C-39392', 'GANGESWARI MAHAVIDYALAYA, POTTANGI', 0, 2),
(1201, 'C-39808', 'GARHAPALASUNI COLLEGE,GARHAPALASUNI,DHENKANAL', 0, 2),
(1202, 'C-39858', 'GATISWAR COLLEGE, MALISAHI, NAYAGARH', 0, 2),
(1203, 'C-44075', 'GETESWAR SANSKRIT COLLEGE', 0, 2),
(1204, 'C-21361', 'GHANTESWAR DEGREE COLLEGE', 0, 2),
(1205, 'C-39363', 'GOPABANDHU ANCHALIKA MAHAVIDYALAYA, KALIMELA', 0, 2),
(1206, 'C-39753', 'GOPABANDHU WOMEN\'S DEGREE COLLEGE, ATHGARH, CUTTACK.', 0, 2),
(1207, 'C-44063', 'GURUKULA SANSKRIT COLLEGE', 0, 2),
(1208, 'C-40977', 'H.K.ROY MAHAVIDYALAYA,CHHEND', 0, 2),
(1209, 'C-40815', 'G.P.COLLEGE,LACHHIPUR', 0, 2),
(1210, 'C-39562', 'HINGALA DEGREE COLLEGE,SALIADA,ANGUL', 0, 2),
(1211, 'C-40832', 'I.M.P.S.DEGREE COLLEGE', 0, 2),
(1212, 'C-39437', 'INDIRA MEMORIAL COLLEGE, CHANDIPUT', 0, 2),
(1213, 'C-23087', 'INSTITUTE OF MANAGEMENT AND CULINARY ARTS', 0, 2),
(1214, 'C-39793', 'INSTITUTE OF TECHNOLOGY & MANAGEMENT STUDIES, PRAJA NIKETAN, NIMAPARA, PURI', 0, 2),
(1215, 'C-39803', 'INTERNATIONAL INSTITUTE OF REHABILITATION SCIENCES & RESEARCH, HIG-27, JAYADEV VIHAR, BHUBANESWAR', 0, 2),
(1216, 'C-39381', 'J.J. MAHAVIDYALAYA, RAIKIA', 0, 2),
(1217, 'C-40992', 'J.P.SANDHYA MAHAVIDYALAYA', 0, 2),
(1218, 'C-21383', 'JAGANNATH COLLEGE', 0, 2),
(1219, 'C-40954', 'JAGANNATH DEGREE COLLEGE', 0, 2),
(1220, 'C-44094', 'JAGANNATH SANSKRIT COLLEGE', 0, 2),
(1221, 'C-44102', 'JAGANNATH VEDA KARMAKANDA MOHAVIDYALAYA', 0, 2),
(1222, 'C-21394', 'JALESWAR WOMENS COLLEGE', 0, 2),
(1223, 'C-10922', 'JAMDA ANCHALIKA M.V, JAMDA', 0, 2),
(1224, 'C-23107', 'JAYADEV INSTITUTE OF SOCIAL SCIENCE AND RESEARCH', 0, 2),
(1225, 'C-39760', 'JENAPUR DEGREE COLLEGE, JENAPUR,JAJPUR', 0, 2),
(1226, 'C-30073', 'JEYPORE COLLEGE OF PHARMACY (JCP), JEYPORE', 0, 2),
(1227, 'C-39542', 'JUNABHADRA COLLEGE, BIRANA,JAJPUR', 0, 2),
(1228, 'C-21367', 'K.C. PIPILI +3 MAHAVIDYALAYA', 0, 2),
(1229, 'C-39777', 'K.C.MOHAVIDYALAYA, KORAI,JAJPUR', 0, 2),
(1230, 'C-39504', 'K.D.S.WOMEN???S COLLEGE, DARAKHAPATNA,CUTTACK', 0, 2),
(1231, 'C-10917', 'K.M WOMEN\'S COLLEGE,KEONJHAR', 0, 2),
(1232, 'C-39687', 'K.P.A.N.COLLEGE, BANKOI,KHURDA', 0, 2),
(1233, 'C-44083', 'KALANDI CHARAN SANSKRIT COLLEGE', 0, 2),
(1234, 'C-39812', 'KALAPATHAR DHALAPATHOR COLLEGE, KALAPATHAR, CUTTACK', 0, 2),
(1235, 'C-23089', 'KALAYATAN COLLEGE OF ART AND CRAFTS', 0, 2),
(1236, 'C-10918', 'KALINGA C OLLEGE, MANADA', 0, 2),
(1237, 'C-39344', 'KALINGA MAHAVIDYALAYA, G. UDAYAGIRI', 0, 2),
(1238, 'C-50721', 'KAMAL KUMARI SANSKRIT WOMENS COLLEGE, LANGALESWAR', 0, 2),
(1239, 'C-39625', 'KANDAKHAI COLLEGE OF SC. & ARTS, KANDAKHAI, BAJARKOTE, PURI', 0, 2),
(1240, 'C-39379', 'KATS AYURVEDIC COLLEGE, ANKUSHPUR', 0, 2),
(1241, 'C-40940', 'KESINGA MAHAVIDYALAYA,KESINGA', 0, 2),
(1242, 'C-40900', 'KINJIRKELA COLLEGE', 0, 2),
(1243, 'C-39442', 'KONDHAMAL DEGREE COLLEGE, SARANGADA', 0, 2),
(1244, 'C-39530', 'KORUA WOMEN\'S COLLEGE, KORUA,KENDRAPARA', 0, 2),
(1245, 'C-30176', 'KRUPAJAL COMPUTER ACADEMY (KCA), BHUBANESWAR (FORMERLY :OCA, KEC, BBSR)', 0, 2),
(1246, 'C-44096', 'KRUSHNA CHANDRA WOMEN\'S SANSKRIT COLLEGE', 0, 2),
(1247, 'C-39600', 'KRUSHNA PRIYA DEVI DEGREE WOMEN\'S COLLEGE, DASPALLA', 0, 2),
(1248, 'C-39717', 'KUAJANGACOLLEGE,KUJANGA,JAGATSINGHPUR', 0, 2),
(1249, 'C-10906', 'KUSALESWAR A.MV, REKUTIA', 0, 2),
(1250, 'C-39821', 'U.N.S.COLLEGE,MUGPAL, JAJPUR', 0, 2),
(1251, 'C-39681', 'LACHHAMAN BALAJEW DEGREE COLLEGE, ANGALO', 0, 2),
(1252, 'C-44067', 'LALAJI GOPALJI SANSKRIT COLLEGE', 0, 2),
(1253, 'C-50726', 'LALMOHAN SANSKRIT COLLEGE, BEGUNIADIHA KHALADI', 0, 2),
(1254, 'C-10907', 'LAXMI NARAYAN DEGREE COLLEGE, PIPILIA', 0, 2),
(1255, 'C-44074', 'LAXMI NURSINGH SANSKRIT COLLEGE', 0, 2),
(1256, 'C-53575', 'LAXMIPRIYA +3 MAHILA MAHAVIDYALAYA', 0, 2),
(1257, 'C-40943', 'LEPHRIPARA COLLEGE,LEPHRIPARA', 0, 2),
(1258, 'C-40851', 'LOKDRUSTI COLLEGE OF ADVANCED TECHNOLOGY', 0, 2),
(1259, 'C-10934', 'LUIPA MAHAAVIDYALAYA, RADHO', 0, 2),
(1260, 'C-39772', 'M.A.COLLEGE,LEMALO,CUTTACK', 0, 2),
(1261, 'C-40956', 'M.D.MAHAVIDYALAYA', 0, 2),
(1262, 'C-39675', 'M.G. COLLEGE OF EDUCATION AND TECH. ASTARANG', 0, 2),
(1263, 'C-39746', 'M.G.M. COLLEGE OF EDN. & TECH., KOUSALYAGANG, PURI', 0, 2),
(1264, 'C-40936', 'M.H.N.DEGREE MAHAVIDYALAYA', 0, 2),
(1265, 'C-40963', 'M.K.M.D.+3 MAHAVIDYALAYA', 0, 2),
(1266, 'C-39567', 'M.P.MAHAVIDYALAYA, ERAKANA,CUTTACK', 0, 2),
(1267, 'C-40981', 'M.RAMPUR COLLEGE', 0, 2),
(1268, 'C-52235', 'MAA METAKANI WOMENS COLLEGE, ULLUNDA', 0, 2),
(1269, 'C-39563', 'MAA TARINI MOHAVIDYALAYA, PANIKOILI,JAJPUR', 0, 2),
(1270, 'C-44077', 'MAC-MICLE SANSKRIT COLLEGE', 0, 2),
(1271, 'C-44062', 'MADHUSUDAN SANSKRIT COLLEGE', 0, 2),
(1272, 'C-39556', 'MAHABIROD COLLEGE,MAHABIROD,DHENKANAL', 0, 2),
(1273, 'C-39856', 'MAHANADI MAHAVIDYALAYA, KHAKHADI, CUTTACK', 0, 2),
(1274, 'C-10961', 'MAHAPAT MAHAVIDYALAYA, JANGHIRA', 0, 2),
(1275, 'C-48872', 'MAHAVEER COLLEGE', 0, 2),
(1276, 'C-39702', 'MAHIMA MAHAVIDYALAYA,JORANDA,DHENKANAL', 0, 2),
(1277, 'C-40849', 'MAHIMUNDA COLLEGE', 0, 2),
(1278, 'C-39824', 'MANGALA INSTITUTE OF TECHNOLOGY, GUNDICHA VIHAR, 6TH LANE, PURI', 0, 2),
(1279, 'C-39509', 'MANIABADHA COLLEGE,CUTTACK', 0, 2),
(1280, 'C-39387', 'MINAKETAN DEGREE COLLEGE, GURANDI', 0, 2),
(1281, 'C-39700', 'N.M. MAHAVIDYALAYA, CHARICHHAK, PURI', 0, 2),
(1282, 'C-39615', 'NABA KRISHNA CHOUDHURY INSTITUTE OF EDUCATION, TARIKUND, JAGATSINGHPUR', 0, 2),
(1283, 'C-21346', 'NABAGHANA COLLEGE', 0, 2),
(1284, 'C-50719', 'NAGENDRANATH SANSKRIT COLLEGE, KUMBHARI', 0, 2),
(1285, 'C-40976', 'MANIDESWARI COLLEGE', 0, 2),
(1286, 'C-44080', 'NARENDRANATH SANSKRIT COLLEGE', 0, 2),
(1287, 'C-21369', 'NAYANAMANI (+3) WOMENS COLLEGE', 0, 2),
(1288, 'C-44073', 'NILACHHAL NARAYAN AYURVEDA CHATUSPATHY', 0, 2),
(1289, 'C-50718', 'NILAGIRI SANSKRIT COLLEGE', 0, 2),
(1290, 'C-50746', 'NILAKANTHESWAR COLLEGE', 0, 2),
(1291, 'C-39334', 'NIRANJAN GOVERNMENT WOMEN\'S COLLEGE, ASKA', 0, 2),
(1292, 'C-39354', 'NOWRANGPUR COLLEGE, NOWRANGPUR', 0, 2),
(1293, 'C-39373', 'NRUSINGANATH MAHAVIDYALAYA, MAHANADAPUR', 0, 2),
(1294, 'C-39325', 'NSB COLLEGE, NUVAPADA', 0, 2),
(1295, 'C-50677', 'NYSASDRI SCHOOL OF JOURNALISM AND SOCIAL WORK', 0, 2),
(1296, 'C-40869', 'O.M.C. OF HOMOEOPATHY & RESEARCH', 0, 2),
(1297, 'C-23082', 'ORISSA ACADEMY OF SOCIAL SCIENCES AND INTEGRATED STUDIES', 0, 2),
(1298, 'C-40819', 'P.A.MAHAVIDYALAYA', 0, 2),
(1299, 'C-39521', 'P.K.COLLEGE,BAITARANI ROAD,JAJPUR', 0, 2),
(1300, 'C-40879', 'P.K.S.S.COLLEGE', 0, 2),
(1301, 'C-39810', 'P.M.M.DEGREE COLLEGE, RENGALI,ANGUL', 0, 2),
(1302, 'C-40816', 'P.M.MAHAVIDYALAYA', 0, 2),
(1303, 'C-40918', 'P.S.+3 COLLEGE', 0, 2),
(1304, 'C-40836', 'P.S.+3 DEGREE COLLEGE', 0, 2),
(1305, 'C-40951', 'P.S.+3 MAHAVIDYALAYA', 0, 2),
(1306, 'C-40974', 'P.S.COLLEGE', 0, 2),
(1307, 'C-40899', 'P.S.COLLEGE,GAISILAT', 0, 2),
(1308, 'C-40935', 'P.S.COLLEGE,JHARBANDH', 0, 2),
(1309, 'C-40850', 'P.S.DEGREE COLLEGE,BHEDABAHAL', 0, 2),
(1310, 'C-43407', 'P.S.DEGREE COLLEGE,KOKSARA', 0, 2),
(1311, 'C-40907', 'P.S.DEGREE COLLEGE,LATHOR', 0, 2),
(1312, 'C-40953', 'P.S.DEGREE COLLEGE,NARLA', 0, 2),
(1313, 'C-40923', 'P.S.DEGREE COLLEGE,ULUNDA', 0, 2),
(1314, 'C-40988', 'P.S.SANTAK MAHAVIDYALAYA,BARKOTE', 0, 2),
(1315, 'C-40821', 'PALSAMA SCIENCE COLLEGE,PALSAMA', 0, 2),
(1316, 'C-40932', 'PANCHAYAT COLLEGE', 0, 2),
(1317, 'C-39701', 'PANCHAYAT COLLEGE +3, GODIPUT MATIAPADA, PURI', 0, 2),
(1318, 'C-40848', 'PANCHAYAT COLLEGE,DHARAMGARH', 0, 2),
(1319, 'C-21358', 'PANCHAYAT DEGREE COLLEGE', 0, 2),
(1320, 'C-40947', 'PANCHAYAT DEGREE COLLEGE', 0, 2),
(1321, 'C-40916', 'PANCHAYAT MAHAVIDYALAYA (+3 DEGREE )', 0, 2),
(1322, 'C-39714', 'PARAJANGA MOHAVIDYALAYA,PARAJANGA,DHENKANAL', 0, 2),
(1323, 'C-10913', 'PATITA PABAN M.V. SAINKUL', 0, 2),
(1324, 'C-10901', 'PATTESWAR DEGEE COLLEGE, SUAKATI', 0, 2),
(1325, 'C-39518', 'PENTAGON COMPUTER ACADEMY, M-1, SAMANTA VIHAR, NALCO CHHAK, BHUBANESWAR', 0, 2),
(1326, 'C-39540', 'R.D. CHILIKA MAHAVIDYALAYA, CHILIKA, NUAPADA, PURI', 0, 2),
(1327, 'C-21360', 'R.K. BEHERA (+3) COLLEGE', 0, 2),
(1328, 'C-39789', 'R.N.B.MAHAVIDYALAYA,KHUNTUNI,CUTTACK', 0, 2),
(1329, 'C-44085', 'RADHAMADHAB SANSKRIT COLLEGE', 0, 2),
(1330, 'C-40858', 'RADHESHYAM DEGREE COLLEGE', 0, 2),
(1331, 'C-39691', 'RAGHUNATH COLLEGE, DEULI, KHURDA', 0, 2),
(1332, 'C-10911', 'RAGHUNATH M.V, KADADIHA', 0, 2),
(1333, 'C-48488', 'RAISUAN DEGREE MAHAVIDYALAY, RAISUAN', 0, 2),
(1334, 'C-39371', 'RAM NARAYAN COLLEGE, DURA', 0, 2),
(1335, 'C-39811', 'RAMACHANDI MOHAVIDYALAYA, GADAMANITRI, KHURDA', 0, 2),
(1336, 'C-44066', 'RAMACHANDI SANSKRIT COLLEGE', 0, 2),
(1337, 'C-44078', 'RAMADHIN SANSKRIT COLLEGE', 0, 2),
(1338, 'C-39707', 'RAMAMANI  MOHAVIDYALAYA,  KANTABAD,KHURDA', 0, 2),
(1339, 'C-44104', 'RANAPUR SANSKRIT COLLEGE', 0, 2),
(1340, 'C-39503', 'RANI SUKADEI MAHILA MAHAVIDYALAYA,BANKI, CUTTACK', 0, 2),
(1341, 'C-10949', 'REGIONAL DEGREE CWOLLEGE, UDAYAPUR', 0, 2),
(1342, 'C-39329', 'ROLAND INSTITUTE OF COMPUTER AND MANAGEMENT STUDIES, BERHAMPUR', 0, 2),
(1343, 'C-39438', 'RUSHIMAL MAHAVIDYALAYA, BAMUNIGAON', 0, 2),
(1344, 'C-39861', 'S.A.N. COLLEGE OF EDU. TECHNOLOGY, KURTANG, JAGATSINGHPUR', 0, 2),
(1345, 'C-21335', 'S.C. COLLEGE', 0, 2),
(1346, 'C-40960', 'S.C.DEGREE COLLEGE', 0, 2),
(1347, 'C-21392', 'S.J.E.F. BARUNSINGH', 0, 2),
(1348, 'C-10908', 'S.M.D COLLEGE, MANIDA', 0, 2),
(1349, 'C-40989', 'S.M.P.COLLEGE', 0, 2),
(1350, 'C-44097', 'S.N. SANSKRIT COLLEGE', 0, 2),
(1351, 'C-30166', 'KRUTIKA INSTITUTE OF TECHNICAL EDUCATION (KITE), BHUBANESWAR', 0, 2),
(1352, 'C-40846', 'S.N.AYURVEDIC COLLEGE,PAIKMAL', 0, 2),
(1353, 'C-40969', 'S.R.DEGREE MAHAVIDYALAYA', 0, 2),
(1354, 'C-10963', 'S.S MAHAVIDYALAYA, KUAMARA', 0, 2),
(1355, 'C-39690', 'S.S. MAHAVIDYALAYA, BALIPUT, PURI', 0, 2),
(1356, 'C-39670', 'S.S.D.MAHAVIDYALAYA,GURUDIJHATIA,CUTTACK', 0, 2),
(1357, 'C-39351', 'SAHEED BHAGAT SINGH COLLEGE, KHANDADEULI', 0, 2),
(1358, 'C-39369', 'SAHEED LAXMAN NAYAK DEGREE COLLEGE, BAIPARIGUDA', 0, 2),
(1359, 'C-39696', 'SAHID RAGHU DIBAKAR COLLEGE, GADAPANIKILO, NAYAGARH', 0, 2),
(1360, 'C-10940', 'SALABANI G.P COLLEGE, SALABANI', 0, 2),
(1361, 'C-44099', 'SANSKRIT COLLEGE (PARALAKHEMUNDI)', 0, 2),
(1362, 'C-50756', 'SANSKRIT MAHAVIDYALAYA, BADAKIA', 0, 2),
(1363, 'C-21362', 'SANTIALATA MAHAVIDYALAYA', 0, 2),
(1364, 'C-44092', 'SARADA SANSKRIT COLLEGE', 0, 2),
(1365, 'C-51827', 'SARASWATI INSTITUTE OF IT AND MANAGEMENT, BHAWANIPATNA', 0, 2),
(1366, 'C-44095', 'SARASWATI MAHILA SANSKRIT COLLEGE', 0, 2),
(1367, 'C-40970', 'SARBAMANGALA DEGREE COLLEGE', 0, 2),
(1368, 'C-40844', 'SASWAT MAHAVIDYALAYA', 0, 2),
(1369, 'C-52135', 'SCHOOL OF BASIC SCIENCE', 0, 2),
(1370, 'C-48489', 'SCHOOL OF REHABILITATION AND SOCIAL SCIENCES, DHENKIKOTE', 0, 2),
(1371, 'C-52372', 'SHALOM INSTITUTE OF MANAGEMENT STUDIES', 0, 2),
(1372, 'C-23121', 'SHREE AUROBINDA COLLEGE OF ART AND CRAFTS', 0, 2),
(1373, 'C-50720', 'SHRI JAGANNATH SANSKRIT COLLEGE, PATIMUNDA ANANTAPUR', 0, 2),
(1374, 'C-27022', 'SHRI SADASHIVA CAMPUS', 0, 2),
(1375, 'C-39705', 'SHRI SHRI JAGANNATH MAHVIDYALAYA, KRUSHNACHANDRAPUR, NIMOL, TIRAN, JAGATSINGHPUR', 0, 2),
(1376, 'C-44064', 'SHYAMA SUNDAR SANSKRIT COLLEGE', 0, 2),
(1377, 'C-44091', 'SHYMARAI SANSKRIT COLLEGE', 0, 2),
(1378, 'C-39820', 'SIDHABARANG COLLEGE OF EDU. TECH., PUNANGA, JAGATSINGHPUR', 0, 2),
(1379, 'C-50723', 'SIDHESWAR SANSKRIT MOHAVIDYALAYA, BARADIA', 0, 2),
(1380, 'C-39725', 'SILPANCHAL MAHILA MAHAVIDYALAYA, HATTOTA,TALCHER,ANGUL (W)', 0, 2),
(1381, 'C-39322', 'SINDHIDEVI MAHAVIDYALAYA, NANDAPUR', 0, 2),
(1382, 'C-50747', 'SITALA THAKURANI COLLEGE', 0, 2),
(1383, 'C-52705', 'SIVANANDA YOGA VEDANTA ACADEMY', 0, 2),
(1384, 'C-39639', 'SRI BANESWAR DEGREE COLLEGE, BENTAPUR, KHURDA', 0, 2),
(1385, 'C-50663', 'SRI DADHIBAMAN JEW SANSKRIT MAHAVIDYALAYA', 0, 2),
(1386, 'C-39557', 'SRI JAGANNATH MAHAVIDYALAYA,NAUGANHAT,JAGATSINGHPUR', 0, 2),
(1387, 'C-44058', 'SRI RAMA CHANDRA SANSKRIT COLLEGE', 0, 2),
(1388, 'C-44093', 'SRI SRI ANANTA NARAYAN SANSKRIT COLLEGE', 0, 2),
(1389, 'C-39588', 'SRI SRI BALUNKESWAR +3 MAHAVIDYALAYA, BARUAN, DHENKANAL', 0, 2),
(1390, 'C-39750', 'SUKRA BEHERA DEGREE COLLEGE, KENDUDHIP, NAYAGARH', 0, 2),
(1391, 'C-39742', 'THAKUR NIGAMANANDA MOHAVIDYALAYA,NIIGAMA VIHAR, BABAR, KENDRAPARA', 0, 2),
(1392, 'C-40837', 'TUSRA DEGREE COLLEGE', 0, 2),
(1393, 'C-10953', 'U.B.S COLLEGE, CHAKSULIAPADA', 0, 2),
(1394, 'C-40838', 'U.H.MEDICAL COLLEGE', 0, 2),
(1395, 'C-39595', 'UG.MAHAVIDYALAYA, KHAMAR,ANGUL', 0, 2),
(1396, 'C-54451', 'UNIQUE INSTITUTE OF INFORMATION TECHNOLOGY', 0, 2),
(1397, 'C-39596', 'V.H.J.MOHAVIDYALAYA, NIKIRAI,KENDRAPARA', 0, 2),
(1398, 'C-39850', 'WOMENS COLLEGE, JAPAKUDA,CUTTACK (W)', 0, 2),
(1399, 'C-21377', 'S.R. COLLEGE', 0, 2),
(1400, 'C-23097', 'NATIONAL SOCIETY FOR EDUCATION AND RESEARCH', 0, 2),
(1401, 'C-44086', 'SWAMI SIVANANDA SANSKRIT COLLEGE', 0, 2),
(1402, 'C-44089', 'SRI JAGANNATH SANSKRIT COLLEGE', 0, 2),
(1403, 'C-40808', 'JALOE DEGREE COLLEGE,JALOE', 0, 2),
(1404, 'C-10916', 'ANCHALIKA M.V. SWAMPATANA', 0, 2),
(1405, 'C-10933', 'ANANDAPUR COLLEGE, ANANDAPUR', 0, 2),
(1406, 'C-30054', 'SRI JAYADEV COLLEGE OF PHARMACEUTICAL SCIENCES (SJCPS), BHUBANESWAR', 0, 2),
(1407, 'C-30173', 'VIKASH INSTITUTE OF TECHNOLOGY', 0, 2),
(1408, 'C-39506', 'BIREN MITRA MEMORIAL WOMEN???S COLLEGE, THORIASAHI, CTC.', 0, 2),
(1409, 'C-48181', 'VIKASH SCHOOL OF BUSINESS MANAGEMENT', 0, 2),
(1410, 'C-53362', 'CAPITAL ACADEMY OF NURSING', 0, 2),
(1411, 'U-0358', 'NATIONAL LAW UNIVERSITY, CUTTACK', 0, 3),
(1412, 'U-0649', 'SRI SRI UNIVERSITY, CUTTACK', 0, 3),
(1413, 'U-0688', 'ALL INDIA INSTITUTE OF MEDICAL SCIENCES, BHUBANESWAR', 0, 3),
(1414, 'U-0355', 'INDIAN INSTITUTE OF TECHNOLOGY, BHUBANESHWAR ', 0, 3),
(1415, 'U-0356', 'KALINGA INSTITUTE OF INDUSTRIAL TECHNOLOGY, BHUBANESWAR', 0, 3),
(1416, 'U-0360', 'ORISSA UNIVERSITY OF AGRICULTURE &  TECHNOLOGY, BHUBANESWAR', 0, 3),
(1417, 'U-0363', 'SIKSHA \'O\' ANUSANDHAN UNIVERSITY', 0, 3),
(1418, 'U-0352', 'CENTRAL UNIVERSITY OF ORISSA, KORAPUT ', 0, 3),
(1419, 'U-0715', 'XAVIER UNIVERSITY, BHUBANESWAR', 0, 3),
(1420, 'U-0357', 'NATIONAL INSTITUTE OF TECHNOLOGY, ROURKELA', 0, 3),
(1421, 'U-0354', 'FAKIR MOHAN UNIVERSITY, BALASORE', 0, 3),
(1422, 'U-0361', 'RAVENSHAW UNIVERSITY, CUTTACK', 0, 3),
(1423, 'U-0350', 'BERHAMPUR UNIVERSITY, BERHAMPUR', 0, 3),
(1424, 'U-0353', 'CENTURION UNIVERSITY OF TECHNOLOGY AND MANAGEMENT', 0, 3),
(1425, 'U-0366', 'UTKAL UNIVERSITY, BHUBANESWAR', 0, 3),
(1426, 'U-0365', 'UTKAL UNIVERSITY OF CULTURE, BHUBANESWAR', 0, 3),
(1427, 'U-0359', 'NORTH ORISSA UNIVERSITY, MAYURBHANJ', 0, 3),
(1428, 'U-0364', 'SHRI JAGANNATH SANSKRIT VISHWAVIDYALAYA, PURI', 0, 3),
(1429, 'U-0362', 'SAMBALPUR UNIVERSITY, SAMBALPUR', 0, 3),
(1430, 'U-0367', 'VEER SURENDRA SAI UNIVERSITY OF TECHNOLOGY, SAMBALPUR', 0, 3),
(1431, 'U-0351', 'BIJU PATNAIK UNIVERSITY OF TECHNOLOGY, ROURKELA', 0, 3);

-- --------------------------------------------------------

--
-- Table structure for table `tbl_records`
--

CREATE TABLE `tbl_records` (
  `id` int(11) NOT NULL,
  `user_id` int(11) NOT NULL,
  `institute_id` int(11) NOT NULL,
  `institute_name` varchar(350) NOT NULL,
  `institute_code` varchar(80) NOT NULL,
  `D_NAME` varchar(150) NOT NULL,
  `B_NAME` varchar(150) NOT NULL,
  `dist_hq` varchar(50) DEFAULT NULL,
  `block_hq` varchar(50) DEFAULT NULL,
  `no_girls_nss` int(11) DEFAULT NULL,
  `no_girls_ncc` int(11) DEFAULT NULL,
  `no_girls_uac` int(11) DEFAULT NULL,
  `no_yrc_rov` int(11) DEFAULT NULL,
  `no_net_phd` int(11) DEFAULT NULL,
  `no_publications` int(11) DEFAULT NULL,
  `no_project_executed` int(11) DEFAULT NULL,
  `no_students` int(11) DEFAULT NULL,
  `no_faculty` int(11) DEFAULT NULL,
  `no_class_rooms` int(11) DEFAULT NULL,
  `no_lab` int(11) DEFAULT NULL,
  `no_computer_lab` int(11) DEFAULT NULL,
  `no_library_open` int(11) DEFAULT NULL,
  `no_library_digital` int(11) DEFAULT NULL,
  `no_drinking_water` int(11) DEFAULT NULL,
  `no_toilets` int(11) DEFAULT NULL,
  `no_toilets_girls` int(11) DEFAULT NULL,
  `no_icc` int(11) DEFAULT NULL,
  `no_grivances` int(11) DEFAULT NULL,
  `no_student_counselling` int(11) DEFAULT NULL,
  `no_antirag` int(11) DEFAULT NULL,
  `no_eclass_rooms` int(11) DEFAULT NULL,
  `no_gym` int(11) DEFAULT NULL,
  `indoor_stad` int(11) DEFAULT NULL,
  `wifi` int(11) DEFAULT NULL,
  `lang_lab` int(11) DEFAULT NULL,
  `smart_cls` int(11) DEFAULT NULL,
  `ncc` tinyint(1) DEFAULT NULL COMMENT '0=No, 1=Yes',
  `nss` tinyint(1) DEFAULT NULL COMMENT '0=No, 1=Yes',
  `separate_almanac` tinyint(1) DEFAULT NULL COMMENT '0=No, 1=Yes',
  `disabled_friendly_infra` tinyint(1) DEFAULT NULL COMMENT '0=No, 1=Yes',
  `skill_dev_center` tinyint(1) DEFAULT NULL COMMENT '0=No, 1=Yes',
  `no_dropouts` int(11) DEFAULT NULL,
  `transition_rate` decimal(10,2) DEFAULT NULL,
  `readmission_rat` decimal(10,2) DEFAULT NULL,
  `placement_rate` decimal(10,2) DEFAULT NULL,
  `self_emp_rate` decimal(10,2) DEFAULT NULL,
  `student_entering_he_rate` decimal(10,2) DEFAULT NULL,
  `pass_male` decimal(10,2) DEFAULT NULL,
  `pass_fmale` decimal(10,2) DEFAULT NULL,
  `pass_sc` decimal(10,2) DEFAULT NULL,
  `pass_st` decimal(10,2) DEFAULT NULL,
  `no_seperate_toilet` int(11) DEFAULT NULL,
  `no_ramps_classroom` int(11) DEFAULT NULL,
  `no_ramps_library` int(11) DEFAULT NULL,
  `no_teacher_trained` int(11) DEFAULT NULL
) ENGINE=InnoDB DEFAULT CHARSET=utf8 ROW_FORMAT=COMPACT;

--
-- Dumping data for table `tbl_records`
--

INSERT INTO `tbl_records` (`id`, `user_id`, `institute_id`, `institute_name`, `institute_code`, `D_NAME`, `B_NAME`, `dist_hq`, `block_hq`, `no_girls_nss`, `no_girls_ncc`, `no_girls_uac`, `no_yrc_rov`, `no_net_phd`, `no_publications`, `no_project_executed`, `no_students`, `no_faculty`, `no_class_rooms`, `no_lab`, `no_computer_lab`, `no_library_open`, `no_library_digital`, `no_drinking_water`, `no_toilets`, `no_toilets_girls`, `no_icc`, `no_grivances`, `no_student_counselling`, `no_antirag`, `no_eclass_rooms`, `no_gym`, `indoor_stad`, `wifi`, `lang_lab`, `smart_cls`, `ncc`, `nss`, `separate_almanac`, `disabled_friendly_infra`, `skill_dev_center`, `no_dropouts`, `transition_rate`, `readmission_rat`, `placement_rate`, `self_emp_rate`, `student_entering_he_rate`, `pass_male`, `pass_fmale`, `pass_sc`, `pass_st`, `no_seperate_toilet`, `no_ramps_classroom`, `no_ramps_library`, `no_teacher_trained`) VALUES
(1, 1, 465, 'BHADRAK (AUTO.) COLLEGE', 'C-21378', 'BHADRAK', 'BHADRAK', '2', '2', NULL, NULL, NULL, NULL, NULL, NULL, NULL, NULL, NULL, NULL, NULL, NULL, NULL, NULL, NULL, NULL, NULL, NULL, NULL, NULL, NULL, NULL, NULL, 1, 1, 1, NULL, 1, 1, 1, 1, 1, NULL, NULL, NULL, NULL, NULL, NULL, NULL, NULL, NULL, NULL, NULL, NULL, NULL, NULL);

-- --------------------------------------------------------

--
-- Table structure for table `tbl_users`
--

CREATE TABLE `tbl_users` (
  `id` int(11) NOT NULL,
  `nodal_ofcr_name` varchar(250) NOT NULL,
  `nodal_ofcr_ph` int(100) NOT NULL,
  `user_id` varchar(100) NOT NULL,
  `password` varchar(512) NOT NULL,
  `institute_id` int(11) NOT NULL
) ENGINE=InnoDB DEFAULT CHARSET=latin1;

--
-- Dumping data for table `tbl_users`
--

INSERT INTO `tbl_users` (`id`, `nodal_ofcr_name`, `nodal_ofcr_ph`, `user_id`, `password`, `institute_id`) VALUES
(1, 'af', 1234567890, 'C-21378', '$2y$10$d0PiveHgqo4Yxa0BGVq9GeXeBC6Jd1Vpyi/ZH1Zt42kVVmWHHiGPu', 465);

--
-- Indexes for dumped tables
--

--
-- Indexes for table `district`
--
ALTER TABLE `district`
  ADD PRIMARY KEY (`Dist_ID`);

--
-- Indexes for table `tbl_institute_type`
--
ALTER TABLE `tbl_institute_type`
  ADD PRIMARY KEY (`id`);

--
-- Indexes for table `tbl_master_institute`
--
ALTER TABLE `tbl_master_institute`
  ADD PRIMARY KEY (`id`);

--
-- Indexes for table `tbl_records`
--
ALTER TABLE `tbl_records`
  ADD PRIMARY KEY (`id`);

--
-- Indexes for table `tbl_users`
--
ALTER TABLE `tbl_users`
  ADD PRIMARY KEY (`id`),
  ADD UNIQUE KEY `user_id` (`user_id`);

--
-- AUTO_INCREMENT for dumped tables
--

--
-- AUTO_INCREMENT for table `district`
--
ALTER TABLE `district`
  MODIFY `Dist_ID` int(11) NOT NULL AUTO_INCREMENT, AUTO_INCREMENT=31;
--
-- AUTO_INCREMENT for table `tbl_institute_type`
--
ALTER TABLE `tbl_institute_type`
  MODIFY `id` int(11) NOT NULL AUTO_INCREMENT, AUTO_INCREMENT=4;
--
-- AUTO_INCREMENT for table `tbl_master_institute`
--
ALTER TABLE `tbl_master_institute`
  MODIFY `id` int(11) NOT NULL AUTO_INCREMENT, AUTO_INCREMENT=1432;
--
-- AUTO_INCREMENT for table `tbl_records`
--
ALTER TABLE `tbl_records`
  MODIFY `id` int(11) NOT NULL AUTO_INCREMENT, AUTO_INCREMENT=2;
--
-- AUTO_INCREMENT for table `tbl_users`
--
ALTER TABLE `tbl_users`
  MODIFY `id` int(11) NOT NULL AUTO_INCREMENT, AUTO_INCREMENT=2;COMMIT;

/*!40101 SET CHARACTER_SET_CLIENT=@OLD_CHARACTER_SET_CLIENT */;
/*!40101 SET CHARACTER_SET_RESULTS=@OLD_CHARACTER_SET_RESULTS */;
/*!40101 SET COLLATION_CONNECTION=@OLD_COLLATION_CONNECTION */;
